
Actividad4V2.elf:     file format elf32-avr

Sections:
Idx Name          Size      VMA       LMA       File off  Algn
  0 .data         00000008  00800100  0000128e  00001322  2**0
                  CONTENTS, ALLOC, LOAD, DATA
  1 .text         0000128e  00000000  00000000  00000094  2**1
                  CONTENTS, ALLOC, LOAD, READONLY, CODE
  2 .bss          0000012b  00800108  00800108  0000132a  2**0
                  ALLOC
  3 .comment      00000030  00000000  00000000  0000132a  2**0
                  CONTENTS, READONLY
  4 .note.gnu.avr.deviceinfo 00000040  00000000  00000000  0000135c  2**2
                  CONTENTS, READONLY
  5 .debug_aranges 00000258  00000000  00000000  0000139c  2**0
                  CONTENTS, READONLY, DEBUGGING
  6 .debug_info   00002577  00000000  00000000  000015f4  2**0
                  CONTENTS, READONLY, DEBUGGING
  7 .debug_abbrev 00001078  00000000  00000000  00003b6b  2**0
                  CONTENTS, READONLY, DEBUGGING
  8 .debug_line   000017f8  00000000  00000000  00004be3  2**0
                  CONTENTS, READONLY, DEBUGGING
  9 .debug_frame  00000500  00000000  00000000  000063dc  2**2
                  CONTENTS, READONLY, DEBUGGING
 10 .debug_str    00000b2c  00000000  00000000  000068dc  2**0
                  CONTENTS, READONLY, DEBUGGING
 11 .debug_loc    000011b6  00000000  00000000  00007408  2**0
                  CONTENTS, READONLY, DEBUGGING
 12 .debug_ranges 000001c8  00000000  00000000  000085be  2**0
                  CONTENTS, READONLY, DEBUGGING

Disassembly of section .text:

00000000 <__vectors>:
       0:	0c 94 47 00 	jmp	0x8e	; 0x8e <__ctors_end>
       4:	0c 94 64 00 	jmp	0xc8	; 0xc8 <__bad_interrupt>
       8:	0c 94 64 00 	jmp	0xc8	; 0xc8 <__bad_interrupt>
       c:	0c 94 64 00 	jmp	0xc8	; 0xc8 <__bad_interrupt>
      10:	0c 94 64 00 	jmp	0xc8	; 0xc8 <__bad_interrupt>
      14:	0c 94 64 00 	jmp	0xc8	; 0xc8 <__bad_interrupt>
      18:	0c 94 64 00 	jmp	0xc8	; 0xc8 <__bad_interrupt>
      1c:	0c 94 64 00 	jmp	0xc8	; 0xc8 <__bad_interrupt>
      20:	0c 94 64 00 	jmp	0xc8	; 0xc8 <__bad_interrupt>
      24:	0c 94 64 00 	jmp	0xc8	; 0xc8 <__bad_interrupt>
      28:	0c 94 64 00 	jmp	0xc8	; 0xc8 <__bad_interrupt>
      2c:	0c 94 2e 08 	jmp	0x105c	; 0x105c <__vector_11>
      30:	0c 94 64 00 	jmp	0xc8	; 0xc8 <__bad_interrupt>
      34:	0c 94 64 00 	jmp	0xc8	; 0xc8 <__bad_interrupt>
      38:	0c 94 4a 06 	jmp	0xc94	; 0xc94 <__vector_14>
      3c:	0c 94 64 00 	jmp	0xc8	; 0xc8 <__bad_interrupt>
      40:	0c 94 64 00 	jmp	0xc8	; 0xc8 <__bad_interrupt>
      44:	0c 94 64 00 	jmp	0xc8	; 0xc8 <__bad_interrupt>
      48:	0c 94 e7 00 	jmp	0x1ce	; 0x1ce <__vector_18>
      4c:	0c 94 64 00 	jmp	0xc8	; 0xc8 <__bad_interrupt>
      50:	0c 94 64 00 	jmp	0xc8	; 0xc8 <__bad_interrupt>
      54:	0c 94 64 00 	jmp	0xc8	; 0xc8 <__bad_interrupt>
      58:	0c 94 64 00 	jmp	0xc8	; 0xc8 <__bad_interrupt>
      5c:	0c 94 64 00 	jmp	0xc8	; 0xc8 <__bad_interrupt>
      60:	0c 94 64 00 	jmp	0xc8	; 0xc8 <__bad_interrupt>
      64:	0c 94 64 00 	jmp	0xc8	; 0xc8 <__bad_interrupt>
      68:	5d 01       	movw	r10, r26
      6a:	64 01       	movw	r12, r8
      6c:	6c 01       	movw	r12, r24
      6e:	74 01       	movw	r14, r8
      70:	7c 01       	movw	r14, r24
      72:	82 01       	movw	r16, r4
      74:	8a 01       	movw	r16, r20
      76:	9a 01       	movw	r18, r20
      78:	b9 01       	movw	r22, r18
      7a:	6e 05       	cpc	r22, r14
      7c:	77 05       	cpc	r23, r7
      7e:	7a 05       	cpc	r23, r10
      80:	43 06       	cpc	r4, r19
      82:	94 05       	cpc	r25, r4
      84:	b4 05       	cpc	r27, r4
      86:	d1 05       	cpc	r29, r1
      88:	e5 05       	cpc	r30, r5
      8a:	1f 06       	cpc	r1, r31
      8c:	32 06       	cpc	r3, r18

0000008e <__ctors_end>:
      8e:	11 24       	eor	r1, r1
      90:	1f be       	out	0x3f, r1	; 63
      92:	cf ef       	ldi	r28, 0xFF	; 255
      94:	d8 e0       	ldi	r29, 0x08	; 8
      96:	de bf       	out	0x3e, r29	; 62
      98:	cd bf       	out	0x3d, r28	; 61

0000009a <__do_copy_data>:
      9a:	11 e0       	ldi	r17, 0x01	; 1
      9c:	a0 e0       	ldi	r26, 0x00	; 0
      9e:	b1 e0       	ldi	r27, 0x01	; 1
      a0:	ee e8       	ldi	r30, 0x8E	; 142
      a2:	f2 e1       	ldi	r31, 0x12	; 18
      a4:	02 c0       	rjmp	.+4      	; 0xaa <__do_copy_data+0x10>
      a6:	05 90       	lpm	r0, Z+
      a8:	0d 92       	st	X+, r0
      aa:	a8 30       	cpi	r26, 0x08	; 8
      ac:	b1 07       	cpc	r27, r17
      ae:	d9 f7       	brne	.-10     	; 0xa6 <__do_copy_data+0xc>

000000b0 <__do_clear_bss>:
      b0:	22 e0       	ldi	r18, 0x02	; 2
      b2:	a8 e0       	ldi	r26, 0x08	; 8
      b4:	b1 e0       	ldi	r27, 0x01	; 1
      b6:	01 c0       	rjmp	.+2      	; 0xba <.do_clear_bss_start>

000000b8 <.do_clear_bss_loop>:
      b8:	1d 92       	st	X+, r1

000000ba <.do_clear_bss_start>:
      ba:	a3 33       	cpi	r26, 0x33	; 51
      bc:	b2 07       	cpc	r27, r18
      be:	e1 f7       	brne	.-8      	; 0xb8 <.do_clear_bss_loop>
      c0:	0e 94 72 06 	call	0xce4	; 0xce4 <main>
      c4:	0c 94 45 09 	jmp	0x128a	; 0x128a <_exit>

000000c8 <__bad_interrupt>:
      c8:	0c 94 00 00 	jmp	0	; 0x0 <__vectors>

000000cc <CLASSIFIER_Init>:
#include "CLASSIFIER.h"

static _sClassifierConfig dist;

void CLASSIFIER_Init(){
	dist.ref_dist = 20;
      cc:	e8 e0       	ldi	r30, 0x08	; 8
      ce:	f1 e0       	ldi	r31, 0x01	; 1
      d0:	84 e1       	ldi	r24, 0x14	; 20
      d2:	83 83       	std	Z+3, r24	; 0x03
	dist.h_small = 6;
      d4:	86 e0       	ldi	r24, 0x06	; 6
      d6:	80 83       	st	Z, r24
	dist.h_medium = 8;
      d8:	88 e0       	ldi	r24, 0x08	; 8
      da:	81 83       	std	Z+1, r24	; 0x01
	dist.h_big = 10;
      dc:	8a e0       	ldi	r24, 0x0A	; 10
      de:	82 83       	std	Z+2, r24	; 0x02
      e0:	08 95       	ret

000000e2 <CLASSIFIER_SetConfig>:
}

void CLASSIFIER_SetConfig(_sClassifierConfig config){
	dist = config;
      e2:	60 93 08 01 	sts	0x0108, r22	; 0x800108 <__data_end>
      e6:	70 93 09 01 	sts	0x0109, r23	; 0x800109 <__data_end+0x1>
      ea:	80 93 0a 01 	sts	0x010A, r24	; 0x80010a <__data_end+0x2>
      ee:	90 93 0b 01 	sts	0x010B, r25	; 0x80010b <__data_end+0x3>
      f2:	08 95       	ret

000000f4 <CLASSIFIER_Classify>:
}

_eBoxType CLASSIFIER_Classify(uint8_t d_cm){
	uint8_t h;
	h = dist.ref_dist - d_cm;
      f4:	e8 e0       	ldi	r30, 0x08	; 8
      f6:	f1 e0       	ldi	r31, 0x01	; 1
      f8:	93 81       	ldd	r25, Z+3	; 0x03
      fa:	98 1b       	sub	r25, r24
      fc:	89 2f       	mov	r24, r25
	
	if(h >= dist.h_small && h < dist.h_small + 1){
      fe:	20 81       	ld	r18, Z
     100:	92 17       	cp	r25, r18
     102:	40 f0       	brcs	.+16     	; 0x114 <CLASSIFIER_Classify+0x20>
     104:	49 2f       	mov	r20, r25
     106:	50 e0       	ldi	r21, 0x00	; 0
     108:	30 e0       	ldi	r19, 0x00	; 0
     10a:	2f 5f       	subi	r18, 0xFF	; 255
     10c:	3f 4f       	sbci	r19, 0xFF	; 255
     10e:	42 17       	cp	r20, r18
     110:	53 07       	cpc	r21, r19
     112:	cc f0       	brlt	.+50     	; 0x146 <CLASSIFIER_Classify+0x52>
		return BOX_SMALL;
	}else if(h >= dist.h_medium && h < dist.h_medium + 1){
     114:	20 91 09 01 	lds	r18, 0x0109	; 0x800109 <__data_end+0x1>
     118:	82 17       	cp	r24, r18
     11a:	40 f0       	brcs	.+16     	; 0x12c <CLASSIFIER_Classify+0x38>
     11c:	48 2f       	mov	r20, r24
     11e:	50 e0       	ldi	r21, 0x00	; 0
     120:	30 e0       	ldi	r19, 0x00	; 0
     122:	2f 5f       	subi	r18, 0xFF	; 255
     124:	3f 4f       	sbci	r19, 0xFF	; 255
     126:	42 17       	cp	r20, r18
     128:	53 07       	cpc	r21, r19
     12a:	7c f0       	brlt	.+30     	; 0x14a <CLASSIFIER_Classify+0x56>
		return BOX_MEDIUM;
	}else if(h >= dist.h_big && h < dist.h_big + 1){
     12c:	20 91 0a 01 	lds	r18, 0x010A	; 0x80010a <__data_end+0x2>
     130:	82 17       	cp	r24, r18
     132:	68 f0       	brcs	.+26     	; 0x14e <CLASSIFIER_Classify+0x5a>
     134:	90 e0       	ldi	r25, 0x00	; 0
     136:	30 e0       	ldi	r19, 0x00	; 0
     138:	2f 5f       	subi	r18, 0xFF	; 255
     13a:	3f 4f       	sbci	r19, 0xFF	; 255
     13c:	82 17       	cp	r24, r18
     13e:	93 07       	cpc	r25, r19
     140:	44 f0       	brlt	.+16     	; 0x152 <CLASSIFIER_Classify+0x5e>
		return BOX_BIG;
	}else{
		return BOX_NONE;
     142:	83 e0       	ldi	r24, 0x03	; 3
     144:	08 95       	ret
_eBoxType CLASSIFIER_Classify(uint8_t d_cm){
	uint8_t h;
	h = dist.ref_dist - d_cm;
	
	if(h >= dist.h_small && h < dist.h_small + 1){
		return BOX_SMALL;
     146:	80 e0       	ldi	r24, 0x00	; 0
     148:	08 95       	ret
	}else if(h >= dist.h_medium && h < dist.h_medium + 1){
		return BOX_MEDIUM;
     14a:	81 e0       	ldi	r24, 0x01	; 1
     14c:	08 95       	ret
	}else if(h >= dist.h_big && h < dist.h_big + 1){
		return BOX_BIG;
	}else{
		return BOX_NONE;
     14e:	83 e0       	ldi	r24, 0x03	; 3
     150:	08 95       	ret
	if(h >= dist.h_small && h < dist.h_small + 1){
		return BOX_SMALL;
	}else if(h >= dist.h_medium && h < dist.h_medium + 1){
		return BOX_MEDIUM;
	}else if(h >= dist.h_big && h < dist.h_big + 1){
		return BOX_BIG;
     152:	82 e0       	ldi	r24, 0x02	; 2
	}else{
		return BOX_NONE;
	}
}
     154:	08 95       	ret

00000156 <COM_SendByte>:
        rx_head = next;
    }
}

static void COM_SendByte(uint8_t b){
    while(!(UCSR0A & (1 << UDRE0)));
     156:	90 91 c0 00 	lds	r25, 0x00C0	; 0x8000c0 <__TEXT_REGION_LENGTH__+0x7f80c0>
     15a:	95 ff       	sbrs	r25, 5
     15c:	fc cf       	rjmp	.-8      	; 0x156 <COM_SendByte>
    UDR0 = b;
     15e:	80 93 c6 00 	sts	0x00C6, r24	; 0x8000c6 <__TEXT_REGION_LENGTH__+0x7f80c6>
     162:	08 95       	ret

00000164 <COM_RxAvailable>:

    COM_SendByte(checksum);
}

static uint8_t COM_RxAvailable(){
    return (rx_head != rx_tail);
     164:	81 e0       	ldi	r24, 0x01	; 1
     166:	20 91 25 01 	lds	r18, 0x0125	; 0x800125 <rx_head>
     16a:	90 91 24 01 	lds	r25, 0x0124	; 0x800124 <rx_tail>
     16e:	29 13       	cpse	r18, r25
     170:	01 c0       	rjmp	.+2      	; 0x174 <COM_RxAvailable+0x10>
     172:	80 e0       	ldi	r24, 0x00	; 0
}
     174:	08 95       	ret

00000176 <COM_RxRead>:

static uint8_t COM_RxRead(){
    uint8_t dato;
    if(rx_head == rx_tail) return 0;
     176:	80 91 25 01 	lds	r24, 0x0125	; 0x800125 <rx_head>
     17a:	20 91 24 01 	lds	r18, 0x0124	; 0x800124 <rx_tail>
     17e:	82 17       	cp	r24, r18
     180:	a1 f0       	breq	.+40     	; 0x1aa <COM_RxRead+0x34>
    dato = rx_buf[rx_tail];
     182:	30 e0       	ldi	r19, 0x00	; 0
     184:	f9 01       	movw	r30, r18
     186:	ea 5d       	subi	r30, 0xDA	; 218
     188:	fe 4f       	sbci	r31, 0xFE	; 254
     18a:	80 81       	ld	r24, Z
    rx_tail = (rx_tail + 1) % RX_BUFFER_SIZE;
     18c:	2f 5f       	subi	r18, 0xFF	; 255
     18e:	3f 4f       	sbci	r19, 0xFF	; 255
     190:	2f 77       	andi	r18, 0x7F	; 127
     192:	30 78       	andi	r19, 0x80	; 128
     194:	33 23       	and	r19, r19
     196:	34 f4       	brge	.+12     	; 0x1a4 <COM_RxRead+0x2e>
     198:	21 50       	subi	r18, 0x01	; 1
     19a:	31 09       	sbc	r19, r1
     19c:	20 68       	ori	r18, 0x80	; 128
     19e:	3f 6f       	ori	r19, 0xFF	; 255
     1a0:	2f 5f       	subi	r18, 0xFF	; 255
     1a2:	3f 4f       	sbci	r19, 0xFF	; 255
     1a4:	20 93 24 01 	sts	0x0124, r18	; 0x800124 <rx_tail>
    return dato;
     1a8:	08 95       	ret
    return (rx_head != rx_tail);
}

static uint8_t COM_RxRead(){
    uint8_t dato;
    if(rx_head == rx_tail) return 0;
     1aa:	80 e0       	ldi	r24, 0x00	; 0
    dato = rx_buf[rx_tail];
    rx_tail = (rx_tail + 1) % RX_BUFFER_SIZE;
    return dato;
}
     1ac:	08 95       	ret

000001ae <COM_Init>:
static uint8_t rx_buf[RX_BUFFER_SIZE];
static uint8_t rx_head;
static uint8_t rx_tail;

void COM_Init(){
    rx_head = 0;
     1ae:	10 92 25 01 	sts	0x0125, r1	; 0x800125 <rx_head>
    rx_tail = 0;
     1b2:	10 92 24 01 	sts	0x0124, r1	; 0x800124 <rx_tail>

    // Baud rate
    UBRR0H = (uint8_t)(UBRR_VAL >> 8);
     1b6:	10 92 c5 00 	sts	0x00C5, r1	; 0x8000c5 <__TEXT_REGION_LENGTH__+0x7f80c5>
    UBRR0L = (uint8_t)(UBRR_VAL & 0xFF);
     1ba:	87 e0       	ldi	r24, 0x07	; 7
     1bc:	80 93 c4 00 	sts	0x00C4, r24	; 0x8000c4 <__TEXT_REGION_LENGTH__+0x7f80c4>

    // 8N1, habilitar TX, RX e interrupción RX
    UCSR0B = (1 << RXEN0) | (1 << TXEN0) | (1 << RXCIE0);
     1c0:	88 e9       	ldi	r24, 0x98	; 152
     1c2:	80 93 c1 00 	sts	0x00C1, r24	; 0x8000c1 <__TEXT_REGION_LENGTH__+0x7f80c1>
    UCSR0C = (1 << UCSZ01) | (1 << UCSZ00);
     1c6:	86 e0       	ldi	r24, 0x06	; 6
     1c8:	80 93 c2 00 	sts	0x00C2, r24	; 0x8000c2 <__TEXT_REGION_LENGTH__+0x7f80c2>
     1cc:	08 95       	ret

000001ce <__vector_18>:
}

// ISR recepción — guarda byte en buffer circular
ISR(USART_RX_vect){
     1ce:	1f 92       	push	r1
     1d0:	0f 92       	push	r0
     1d2:	0f b6       	in	r0, 0x3f	; 63
     1d4:	0f 92       	push	r0
     1d6:	11 24       	eor	r1, r1
     1d8:	2f 93       	push	r18
     1da:	3f 93       	push	r19
     1dc:	4f 93       	push	r20
     1de:	5f 93       	push	r21
     1e0:	8f 93       	push	r24
     1e2:	9f 93       	push	r25
     1e4:	ef 93       	push	r30
     1e6:	ff 93       	push	r31
    uint8_t dato = UDR0;
     1e8:	50 91 c6 00 	lds	r21, 0x00C6	; 0x8000c6 <__TEXT_REGION_LENGTH__+0x7f80c6>
    uint8_t next = (rx_head + 1) % RX_BUFFER_SIZE;
     1ec:	20 91 25 01 	lds	r18, 0x0125	; 0x800125 <rx_head>
     1f0:	30 e0       	ldi	r19, 0x00	; 0
     1f2:	c9 01       	movw	r24, r18
     1f4:	01 96       	adiw	r24, 0x01	; 1
     1f6:	8f 77       	andi	r24, 0x7F	; 127
     1f8:	90 78       	andi	r25, 0x80	; 128
     1fa:	99 23       	and	r25, r25
     1fc:	24 f4       	brge	.+8      	; 0x206 <__vector_18+0x38>
     1fe:	01 97       	sbiw	r24, 0x01	; 1
     200:	80 68       	ori	r24, 0x80	; 128
     202:	9f 6f       	ori	r25, 0xFF	; 255
     204:	01 96       	adiw	r24, 0x01	; 1
    if(next != rx_tail){
     206:	40 91 24 01 	lds	r20, 0x0124	; 0x800124 <rx_tail>
     20a:	48 17       	cp	r20, r24
     20c:	31 f0       	breq	.+12     	; 0x21a <__vector_18+0x4c>
        rx_buf[rx_head] = dato;
     20e:	f9 01       	movw	r30, r18
     210:	ea 5d       	subi	r30, 0xDA	; 218
     212:	fe 4f       	sbci	r31, 0xFE	; 254
     214:	50 83       	st	Z, r21
        rx_head = next;
     216:	80 93 25 01 	sts	0x0125, r24	; 0x800125 <rx_head>
    }
}
     21a:	ff 91       	pop	r31
     21c:	ef 91       	pop	r30
     21e:	9f 91       	pop	r25
     220:	8f 91       	pop	r24
     222:	5f 91       	pop	r21
     224:	4f 91       	pop	r20
     226:	3f 91       	pop	r19
     228:	2f 91       	pop	r18
     22a:	0f 90       	pop	r0
     22c:	0f be       	out	0x3f, r0	; 63
     22e:	0f 90       	pop	r0
     230:	1f 90       	pop	r1
     232:	18 95       	reti

00000234 <COM_SendFrame>:
    while(!(UCSR0A & (1 << UDRE0)));
    UDR0 = b;
}

// Trama UNER: U N E R | LENGTH | ':' | CMD | PAYLOAD... | CHECKSUM
void COM_SendFrame(uint8_t cmd, uint8_t *payload, uint8_t len){
     234:	ef 92       	push	r14
     236:	ff 92       	push	r15
     238:	1f 93       	push	r17
     23a:	cf 93       	push	r28
     23c:	df 93       	push	r29
     23e:	d8 2f       	mov	r29, r24
     240:	7b 01       	movw	r14, r22
     242:	14 2f       	mov	r17, r20
    uint8_t i;
    uint8_t checksum = cmd;

    COM_SendByte('U');
     244:	85 e5       	ldi	r24, 0x55	; 85
     246:	0e 94 ab 00 	call	0x156	; 0x156 <COM_SendByte>
    COM_SendByte('N');
     24a:	8e e4       	ldi	r24, 0x4E	; 78
     24c:	0e 94 ab 00 	call	0x156	; 0x156 <COM_SendByte>
    COM_SendByte('E');
     250:	85 e4       	ldi	r24, 0x45	; 69
     252:	0e 94 ab 00 	call	0x156	; 0x156 <COM_SendByte>
    COM_SendByte('R');
     256:	82 e5       	ldi	r24, 0x52	; 82
     258:	0e 94 ab 00 	call	0x156	; 0x156 <COM_SendByte>
    COM_SendByte(len + 1);   // LENGTH = CMD + payload
     25c:	81 e0       	ldi	r24, 0x01	; 1
     25e:	81 0f       	add	r24, r17
     260:	0e 94 ab 00 	call	0x156	; 0x156 <COM_SendByte>
    COM_SendByte(':');
     264:	8a e3       	ldi	r24, 0x3A	; 58
     266:	0e 94 ab 00 	call	0x156	; 0x156 <COM_SendByte>
    COM_SendByte(cmd);
     26a:	8d 2f       	mov	r24, r29
     26c:	0e 94 ab 00 	call	0x156	; 0x156 <COM_SendByte>

    for(i = 0; i < len; i++){
     270:	c0 e0       	ldi	r28, 0x00	; 0
     272:	08 c0       	rjmp	.+16     	; 0x284 <COM_SendFrame+0x50>
        checksum ^= payload[i];
     274:	f7 01       	movw	r30, r14
     276:	ec 0f       	add	r30, r28
     278:	f1 1d       	adc	r31, r1
     27a:	80 81       	ld	r24, Z
     27c:	d8 27       	eor	r29, r24
        COM_SendByte(payload[i]);
     27e:	0e 94 ab 00 	call	0x156	; 0x156 <COM_SendByte>
    COM_SendByte('R');
    COM_SendByte(len + 1);   // LENGTH = CMD + payload
    COM_SendByte(':');
    COM_SendByte(cmd);

    for(i = 0; i < len; i++){
     282:	cf 5f       	subi	r28, 0xFF	; 255
     284:	c1 17       	cp	r28, r17
     286:	b0 f3       	brcs	.-20     	; 0x274 <COM_SendFrame+0x40>
        checksum ^= payload[i];
        COM_SendByte(payload[i]);
    }

    COM_SendByte(checksum);
     288:	8d 2f       	mov	r24, r29
     28a:	0e 94 ab 00 	call	0x156	; 0x156 <COM_SendByte>
}
     28e:	df 91       	pop	r29
     290:	cf 91       	pop	r28
     292:	1f 91       	pop	r17
     294:	ff 90       	pop	r15
     296:	ef 90       	pop	r14
     298:	08 95       	ret

0000029a <COM_Update>:

// COM_Update: llamar en cada iteracion del loop principal.
// Procesa todos los bytes disponibles en el buffer RX y reconstruye tramas UNER.
// Cuando la trama es valida (checksum OK), la almacena y activa el flag frame_ready.
void COM_Update(){
    while(COM_RxAvailable()){
     29a:	8e c0       	rjmp	.+284    	; 0x3b8 <COM_Update+0x11e>
        uint8_t b = COM_RxRead();
     29c:	0e 94 bb 00 	call	0x176	; 0x176 <COM_RxRead>
        switch(ps_state){
     2a0:	e0 91 23 01 	lds	r30, 0x0123	; 0x800123 <ps_state>
     2a4:	4e 2f       	mov	r20, r30
     2a6:	50 e0       	ldi	r21, 0x00	; 0
     2a8:	49 30       	cpi	r20, 0x09	; 9
     2aa:	51 05       	cpc	r21, r1
     2ac:	08 f0       	brcs	.+2      	; 0x2b0 <COM_Update+0x16>
     2ae:	82 c0       	rjmp	.+260    	; 0x3b4 <COM_Update+0x11a>
     2b0:	fa 01       	movw	r30, r20
     2b2:	ec 5c       	subi	r30, 0xCC	; 204
     2b4:	ff 4f       	sbci	r31, 0xFF	; 255
     2b6:	0c 94 25 09 	jmp	0x124a	; 0x124a <__tablejump2__>
            case PS_IDLE:   ps_state = (b=='U') ? PS_U     : PS_IDLE; break;
     2ba:	91 e0       	ldi	r25, 0x01	; 1
     2bc:	85 35       	cpi	r24, 0x55	; 85
     2be:	09 f0       	breq	.+2      	; 0x2c2 <COM_Update+0x28>
     2c0:	90 e0       	ldi	r25, 0x00	; 0
     2c2:	90 93 23 01 	sts	0x0123, r25	; 0x800123 <ps_state>
     2c6:	78 c0       	rjmp	.+240    	; 0x3b8 <COM_Update+0x11e>
            case PS_U:      ps_state = (b=='N') ? PS_N     : PS_IDLE; break;
     2c8:	8e 34       	cpi	r24, 0x4E	; 78
     2ca:	11 f4       	brne	.+4      	; 0x2d0 <COM_Update+0x36>
     2cc:	82 e0       	ldi	r24, 0x02	; 2
     2ce:	01 c0       	rjmp	.+2      	; 0x2d2 <COM_Update+0x38>
     2d0:	80 e0       	ldi	r24, 0x00	; 0
     2d2:	80 93 23 01 	sts	0x0123, r24	; 0x800123 <ps_state>
     2d6:	70 c0       	rjmp	.+224    	; 0x3b8 <COM_Update+0x11e>
            case PS_N:      ps_state = (b=='E') ? PS_E     : PS_IDLE; break;
     2d8:	85 34       	cpi	r24, 0x45	; 69
     2da:	11 f4       	brne	.+4      	; 0x2e0 <COM_Update+0x46>
     2dc:	83 e0       	ldi	r24, 0x03	; 3
     2de:	01 c0       	rjmp	.+2      	; 0x2e2 <COM_Update+0x48>
     2e0:	80 e0       	ldi	r24, 0x00	; 0
     2e2:	80 93 23 01 	sts	0x0123, r24	; 0x800123 <ps_state>
     2e6:	68 c0       	rjmp	.+208    	; 0x3b8 <COM_Update+0x11e>
            case PS_E:      ps_state = (b=='R') ? PS_R     : PS_IDLE; break;
     2e8:	82 35       	cpi	r24, 0x52	; 82
     2ea:	11 f4       	brne	.+4      	; 0x2f0 <COM_Update+0x56>
     2ec:	84 e0       	ldi	r24, 0x04	; 4
     2ee:	01 c0       	rjmp	.+2      	; 0x2f2 <COM_Update+0x58>
     2f0:	80 e0       	ldi	r24, 0x00	; 0
     2f2:	80 93 23 01 	sts	0x0123, r24	; 0x800123 <ps_state>
     2f6:	60 c0       	rjmp	.+192    	; 0x3b8 <COM_Update+0x11e>
            case PS_R:      ps_len=b; ps_state=PS_LEN;                break;
     2f8:	80 93 22 01 	sts	0x0122, r24	; 0x800122 <ps_len>
     2fc:	85 e0       	ldi	r24, 0x05	; 5
     2fe:	80 93 23 01 	sts	0x0123, r24	; 0x800123 <ps_state>
     302:	5a c0       	rjmp	.+180    	; 0x3b8 <COM_Update+0x11e>
            case PS_LEN:    ps_state = (b==':') ? PS_COLON : PS_IDLE; break;
     304:	8a 33       	cpi	r24, 0x3A	; 58
     306:	11 f4       	brne	.+4      	; 0x30c <COM_Update+0x72>
     308:	86 e0       	ldi	r24, 0x06	; 6
     30a:	01 c0       	rjmp	.+2      	; 0x30e <COM_Update+0x74>
     30c:	80 e0       	ldi	r24, 0x00	; 0
     30e:	80 93 23 01 	sts	0x0123, r24	; 0x800123 <ps_state>
     312:	52 c0       	rjmp	.+164    	; 0x3b8 <COM_Update+0x11e>
            case PS_COLON:
                ps_cmd=b; ps_chk=b; ps_idx=0;
     314:	80 93 21 01 	sts	0x0121, r24	; 0x800121 <ps_cmd>
     318:	80 93 17 01 	sts	0x0117, r24	; 0x800117 <ps_chk>
     31c:	10 92 18 01 	sts	0x0118, r1	; 0x800118 <ps_idx>
                ps_state = (ps_len > 1) ? PS_PAYLOAD : PS_CHKSUM;
     320:	80 91 22 01 	lds	r24, 0x0122	; 0x800122 <ps_len>
     324:	82 30       	cpi	r24, 0x02	; 2
     326:	10 f0       	brcs	.+4      	; 0x32c <COM_Update+0x92>
     328:	87 e0       	ldi	r24, 0x07	; 7
     32a:	01 c0       	rjmp	.+2      	; 0x32e <COM_Update+0x94>
     32c:	88 e0       	ldi	r24, 0x08	; 8
     32e:	80 93 23 01 	sts	0x0123, r24	; 0x800123 <ps_state>
                break;
     332:	42 c0       	rjmp	.+132    	; 0x3b8 <COM_Update+0x11e>
            case PS_PAYLOAD:
                if(ps_idx < COM_PAYLOAD_SIZE) ps_payload[ps_idx] = b;
     334:	90 91 18 01 	lds	r25, 0x0118	; 0x800118 <ps_idx>
     338:	98 30       	cpi	r25, 0x08	; 8
     33a:	28 f4       	brcc	.+10     	; 0x346 <COM_Update+0xac>
     33c:	e9 2f       	mov	r30, r25
     33e:	f0 e0       	ldi	r31, 0x00	; 0
     340:	e7 5e       	subi	r30, 0xE7	; 231
     342:	fe 4f       	sbci	r31, 0xFE	; 254
     344:	80 83       	st	Z, r24
                ps_chk ^= b;
     346:	20 91 17 01 	lds	r18, 0x0117	; 0x800117 <ps_chk>
     34a:	82 27       	eor	r24, r18
     34c:	80 93 17 01 	sts	0x0117, r24	; 0x800117 <ps_chk>
                if(++ps_idx >= ps_len - 1) ps_state = PS_CHKSUM;
     350:	9f 5f       	subi	r25, 0xFF	; 255
     352:	90 93 18 01 	sts	0x0118, r25	; 0x800118 <ps_idx>
     356:	89 2f       	mov	r24, r25
     358:	90 e0       	ldi	r25, 0x00	; 0
     35a:	20 91 22 01 	lds	r18, 0x0122	; 0x800122 <ps_len>
     35e:	30 e0       	ldi	r19, 0x00	; 0
     360:	21 50       	subi	r18, 0x01	; 1
     362:	31 09       	sbc	r19, r1
     364:	82 17       	cp	r24, r18
     366:	93 07       	cpc	r25, r19
     368:	3c f1       	brlt	.+78     	; 0x3b8 <COM_Update+0x11e>
     36a:	88 e0       	ldi	r24, 0x08	; 8
     36c:	80 93 23 01 	sts	0x0123, r24	; 0x800123 <ps_state>
     370:	23 c0       	rjmp	.+70     	; 0x3b8 <COM_Update+0x11e>
                break;
            case PS_CHKSUM:
                if(b == ps_chk){
     372:	90 91 17 01 	lds	r25, 0x0117	; 0x800117 <ps_chk>
     376:	89 13       	cpse	r24, r25
     378:	1a c0       	rjmp	.+52     	; 0x3ae <COM_Update+0x114>
                    frame_cmd = ps_cmd;
     37a:	80 91 21 01 	lds	r24, 0x0121	; 0x800121 <ps_cmd>
     37e:	80 93 15 01 	sts	0x0115, r24	; 0x800115 <frame_cmd>
                    frame_len = ps_idx;
     382:	40 91 18 01 	lds	r20, 0x0118	; 0x800118 <ps_idx>
     386:	40 93 0c 01 	sts	0x010C, r20	; 0x80010c <frame_len>
                    uint8_t i;
                    for(i = 0; i < frame_len; i++) frame_payload[i] = ps_payload[i];
     38a:	20 e0       	ldi	r18, 0x00	; 0
     38c:	0b c0       	rjmp	.+22     	; 0x3a4 <COM_Update+0x10a>
     38e:	82 2f       	mov	r24, r18
     390:	90 e0       	ldi	r25, 0x00	; 0
     392:	fc 01       	movw	r30, r24
     394:	e7 5e       	subi	r30, 0xE7	; 231
     396:	fe 4f       	sbci	r31, 0xFE	; 254
     398:	30 81       	ld	r19, Z
     39a:	fc 01       	movw	r30, r24
     39c:	e3 5f       	subi	r30, 0xF3	; 243
     39e:	fe 4f       	sbci	r31, 0xFE	; 254
     3a0:	30 83       	st	Z, r19
     3a2:	2f 5f       	subi	r18, 0xFF	; 255
     3a4:	24 17       	cp	r18, r20
     3a6:	98 f3       	brcs	.-26     	; 0x38e <COM_Update+0xf4>
                    frame_ready = 1;
     3a8:	81 e0       	ldi	r24, 0x01	; 1
     3aa:	80 93 16 01 	sts	0x0116, r24	; 0x800116 <frame_ready>
                }
                ps_state = PS_IDLE;
     3ae:	10 92 23 01 	sts	0x0123, r1	; 0x800123 <ps_state>
                break;
     3b2:	02 c0       	rjmp	.+4      	; 0x3b8 <COM_Update+0x11e>
            default: ps_state = PS_IDLE; break;
     3b4:	10 92 23 01 	sts	0x0123, r1	; 0x800123 <ps_state>

// COM_Update: llamar en cada iteracion del loop principal.
// Procesa todos los bytes disponibles en el buffer RX y reconstruye tramas UNER.
// Cuando la trama es valida (checksum OK), la almacena y activa el flag frame_ready.
void COM_Update(){
    while(COM_RxAvailable()){
     3b8:	0e 94 b2 00 	call	0x164	; 0x164 <COM_RxAvailable>
     3bc:	81 11       	cpse	r24, r1
     3be:	6e cf       	rjmp	.-292    	; 0x29c <COM_Update+0x2>
                ps_state = PS_IDLE;
                break;
            default: ps_state = PS_IDLE; break;
        }
    }
}
     3c0:	08 95       	ret

000003c2 <COM_FrameAvailable>:

// COM_FrameAvailable: retorna 1 si hay una trama valida lista para leer.
uint8_t COM_FrameAvailable(){
    return frame_ready;
}
     3c2:	80 91 16 01 	lds	r24, 0x0116	; 0x800116 <frame_ready>
     3c6:	08 95       	ret

000003c8 <COM_GetFrame>:
// cmd     -> byte de comando
// payload -> bytes de payload
// len     -> cantidad de bytes de payload
void COM_GetFrame(uint8_t *cmd, uint8_t *payload, uint8_t *len){
    uint8_t i;
    *cmd = frame_cmd;
     3c8:	20 91 15 01 	lds	r18, 0x0115	; 0x800115 <frame_cmd>
     3cc:	fc 01       	movw	r30, r24
     3ce:	20 83       	st	Z, r18
    *len = frame_len;
     3d0:	30 91 0c 01 	lds	r19, 0x010C	; 0x80010c <frame_len>
     3d4:	fa 01       	movw	r30, r20
     3d6:	30 83       	st	Z, r19
    for(i = 0; i < frame_len; i++) payload[i] = frame_payload[i];
     3d8:	20 e0       	ldi	r18, 0x00	; 0
     3da:	0b c0       	rjmp	.+22     	; 0x3f2 <COM_GetFrame+0x2a>
     3dc:	82 2f       	mov	r24, r18
     3de:	90 e0       	ldi	r25, 0x00	; 0
     3e0:	fb 01       	movw	r30, r22
     3e2:	e8 0f       	add	r30, r24
     3e4:	f9 1f       	adc	r31, r25
     3e6:	dc 01       	movw	r26, r24
     3e8:	a3 5f       	subi	r26, 0xF3	; 243
     3ea:	be 4f       	sbci	r27, 0xFE	; 254
     3ec:	8c 91       	ld	r24, X
     3ee:	80 83       	st	Z, r24
     3f0:	2f 5f       	subi	r18, 0xFF	; 255
     3f2:	23 17       	cp	r18, r19
     3f4:	98 f3       	brcs	.-26     	; 0x3dc <COM_GetFrame+0x14>
    frame_ready = 0;
     3f6:	10 92 16 01 	sts	0x0116, r1	; 0x800116 <frame_ready>
     3fa:	08 95       	ret

000003fc <CONVEYOR_Init>:
#include "CONVEYOR.h"

static uint8_t running;

void CONVEYOR_Init(){
    DDRC  |=  (1 << CONVEYOR_PIN);   // PC0 como salida
     3fc:	87 b1       	in	r24, 0x07	; 7
     3fe:	81 60       	ori	r24, 0x01	; 1
     400:	87 b9       	out	0x07, r24	; 7
    PORTC &= ~(1 << CONVEYOR_PIN);   // motor apagado al arrancar
     402:	88 b1       	in	r24, 0x08	; 8
     404:	8e 7f       	andi	r24, 0xFE	; 254
     406:	88 b9       	out	0x08, r24	; 8
    running = 0;
     408:	10 92 a6 01 	sts	0x01A6, r1	; 0x8001a6 <running>
     40c:	08 95       	ret

0000040e <CONVEYOR_Start>:
}

void CONVEYOR_Start(){
    PORTC  |= (1 << CONVEYOR_PIN);
     40e:	88 b1       	in	r24, 0x08	; 8
     410:	81 60       	ori	r24, 0x01	; 1
     412:	88 b9       	out	0x08, r24	; 8
    running  = 1;
     414:	81 e0       	ldi	r24, 0x01	; 1
     416:	80 93 a6 01 	sts	0x01A6, r24	; 0x8001a6 <running>
     41a:	08 95       	ret

0000041c <CONVEYOR_Stop>:
}

void CONVEYOR_Stop(){
    PORTC  &= ~(1 << CONVEYOR_PIN);
     41c:	88 b1       	in	r24, 0x08	; 8
     41e:	8e 7f       	andi	r24, 0xFE	; 254
     420:	88 b9       	out	0x08, r24	; 8
    running  = 0;
     422:	10 92 a6 01 	sts	0x01A6, r1	; 0x8001a6 <running>
     426:	08 95       	ret

00000428 <HCSR04_ConvertUsToCm>:
{
// Funcion interna que convierte tiempo de Echo en microsegundos a centimetros.
	
	uint16_t distance_cm = 0;															// Variable local donde se guardara la distancia calculada.

	distance_cm = (uint16_t)((echo_us + (HCSR04_CM_DIVISOR / 2)) / HCSR04_CM_DIVISOR);	// Convierte us a cm y redondea sumando la mitad del divisor.
     428:	63 5e       	subi	r22, 0xE3	; 227
     42a:	7f 4f       	sbci	r23, 0xFF	; 255
     42c:	8f 4f       	sbci	r24, 0xFF	; 255
     42e:	9f 4f       	sbci	r25, 0xFF	; 255
     430:	2a e3       	ldi	r18, 0x3A	; 58
     432:	30 e0       	ldi	r19, 0x00	; 0
     434:	40 e0       	ldi	r20, 0x00	; 0
     436:	50 e0       	ldi	r21, 0x00	; 0
     438:	0e 94 03 09 	call	0x1206	; 0x1206 <__udivmodsi4>

	return distance_cm;																	// Devuelve la distancia calculada en centimetros.
}
     43c:	c9 01       	movw	r24, r18
     43e:	08 95       	ret

00000440 <HCSR04_AddSample>:

static void HCSR04_AddSample(_sHCSR04_t *sensor, uint16_t distance_cm) 
{
     440:	dc 01       	movw	r26, r24
// Funcion interna que guarda una nueva muestra en el buffer circular.

	sensor->samples[sensor->sample_index] = distance_cm;          // Guarda la distancia medida en la posicion actual del buffer.
     442:	5b 96       	adiw	r26, 0x1b	; 27
     444:	8c 91       	ld	r24, X
     446:	5b 97       	sbiw	r26, 0x1b	; 27
     448:	e8 2f       	mov	r30, r24
     44a:	f0 e0       	ldi	r31, 0x00	; 0
     44c:	33 96       	adiw	r30, 0x03	; 3
     44e:	ee 0f       	add	r30, r30
     450:	ff 1f       	adc	r31, r31
     452:	ea 0f       	add	r30, r26
     454:	fb 1f       	adc	r31, r27
     456:	71 83       	std	Z+1, r23	; 0x01
     458:	60 83       	st	Z, r22

	sensor->sample_index++;                                       // Avanza el indice para que la proxima muestra se guarde en la siguiente posicion.
     45a:	8f 5f       	subi	r24, 0xFF	; 255
     45c:	5b 96       	adiw	r26, 0x1b	; 27
     45e:	8c 93       	st	X, r24
     460:	5b 97       	sbiw	r26, 0x1b	; 27

	if (sensor->sample_index >= HCSR04_MAX_SAMPLES)               // Verifica si el indice llego al final del arreglo.
     462:	8a 30       	cpi	r24, 0x0A	; 10
     464:	18 f0       	brcs	.+6      	; 0x46c <HCSR04_AddSample+0x2c>
	{
		sensor->sample_index = 0;                                 // Si llego al final, vuelve a cero para formar un buffer circular.
     466:	5b 96       	adiw	r26, 0x1b	; 27
     468:	1c 92       	st	X, r1
     46a:	5b 97       	sbiw	r26, 0x1b	; 27
	}

	if (sensor->sample_count < HCSR04_MAX_SAMPLES)                // Verifica si todavia no se lleno todo el buffer.
     46c:	5a 96       	adiw	r26, 0x1a	; 26
     46e:	8c 91       	ld	r24, X
     470:	5a 97       	sbiw	r26, 0x1a	; 26
     472:	8a 30       	cpi	r24, 0x0A	; 10
     474:	18 f4       	brcc	.+6      	; 0x47c <HCSR04_AddSample+0x3c>
	{
		sensor->sample_count++;                                   // Aumenta la cantidad de muestras validas almacenadas.
     476:	8f 5f       	subi	r24, 0xFF	; 255
     478:	5a 96       	adiw	r26, 0x1a	; 26
     47a:	8c 93       	st	X, r24
     47c:	08 95       	ret

0000047e <HCSR04_Init>:
	}
}

_sHCSR04_status_t HCSR04_Init(_sHCSR04_t *sensor, HCSR04_TriggerFn_t trigger, HCSR04_ReadEchoUsFn_t read_echo_us, void *context)
{
     47e:	dc 01       	movw	r26, r24
	uint8_t i = 0;                                                // Variable auxiliar para recorrer el arreglo de muestras.

	if (sensor == 0)                                              // Verifica si el puntero al sensor es nulo.
     480:	89 2b       	or	r24, r25
     482:	b9 f1       	breq	.+110    	; 0x4f2 <HCSR04_Init+0x74>
	{
		return HCSR04_ERROR_NULL;                                 // Devuelve error porque no se puede trabajar con un sensor inexistente.
	}

	if (trigger == 0)                                             // Verifica si el puntero a la funcion Trigger es nulo.
     484:	61 15       	cp	r22, r1
     486:	71 05       	cpc	r23, r1
     488:	b1 f1       	breq	.+108    	; 0x4f6 <HCSR04_Init+0x78>
	{
		return HCSR04_ERROR_NULL;                                 // Devuelve error porque la libreria necesita una funcion para disparar el sensor.
	}

	if (read_echo_us == 0)                                        // Verifica si el puntero a la funcion de lectura Echo es nulo.
     48a:	41 15       	cp	r20, r1
     48c:	51 05       	cpc	r21, r1
     48e:	a9 f1       	breq	.+106    	; 0x4fa <HCSR04_Init+0x7c>
	{
		return HCSR04_ERROR_NULL;                                 // Devuelve error porque la libreria necesita una funcion para medir el Echo.
	}

	sensor->trigger = trigger;                                    // Guarda la funcion externa encargada de generar el pulso Trigger.
     490:	11 96       	adiw	r26, 0x01	; 1
     492:	7c 93       	st	X, r23
     494:	6e 93       	st	-X, r22

	sensor->read_echo_us = read_echo_us;                          // Guarda la funcion externa encargada de medir el pulso Echo.
     496:	13 96       	adiw	r26, 0x03	; 3
     498:	5c 93       	st	X, r21
     49a:	4e 93       	st	-X, r20
     49c:	12 97       	sbiw	r26, 0x02	; 2

	sensor->context = context;                                    // Guarda el puntero generico al hardware definido en el main.
     49e:	15 96       	adiw	r26, 0x05	; 5
     4a0:	3c 93       	st	X, r19
     4a2:	2e 93       	st	-X, r18
     4a4:	14 97       	sbiw	r26, 0x04	; 4

	sensor->sample_count = 0;                                     // Inicializa la cantidad de muestras validas en cero.
     4a6:	5a 96       	adiw	r26, 0x1a	; 26
     4a8:	1c 92       	st	X, r1
     4aa:	5a 97       	sbiw	r26, 0x1a	; 26

	sensor->sample_index = 0;                                     // Inicializa el indice del buffer circular en la primera posicion.
     4ac:	5b 96       	adiw	r26, 0x1b	; 27
     4ae:	1c 92       	st	X, r1
     4b0:	5b 97       	sbiw	r26, 0x1b	; 27

	sensor->min_distance_cm = 2;                                  // Define la distancia minima valida aproximada del HC-SR04 en centimetros.
     4b2:	82 e0       	ldi	r24, 0x02	; 2
     4b4:	90 e0       	ldi	r25, 0x00	; 0
     4b6:	5d 96       	adiw	r26, 0x1d	; 29
     4b8:	9c 93       	st	X, r25
     4ba:	8e 93       	st	-X, r24
     4bc:	5c 97       	sbiw	r26, 0x1c	; 28

	sensor->max_distance_cm = 400;                                // Define la distancia maxima valida aproximada del HC-SR04 en centimetros.
     4be:	80 e9       	ldi	r24, 0x90	; 144
     4c0:	91 e0       	ldi	r25, 0x01	; 1
     4c2:	5f 96       	adiw	r26, 0x1f	; 31
     4c4:	9c 93       	st	X, r25
     4c6:	8e 93       	st	-X, r24
     4c8:	5e 97       	sbiw	r26, 0x1e	; 30

	sensor->tolerance_cm = 1;                                     // Define una tolerancia de 1 cm para agrupar mediciones similares.
     4ca:	81 e0       	ldi	r24, 0x01	; 1
     4cc:	90 96       	adiw	r26, 0x20	; 32
     4ce:	8c 93       	st	X, r24
     4d0:	90 97       	sbiw	r26, 0x20	; 32

	for (i = 0; i < HCSR04_MAX_SAMPLES; i++)                      // Recorre todas las posiciones del arreglo de muestras.
     4d2:	90 e0       	ldi	r25, 0x00	; 0
     4d4:	0a c0       	rjmp	.+20     	; 0x4ea <HCSR04_Init+0x6c>
	{
		sensor->samples[i] = 0;                                   // Inicializa cada muestra en cero para evitar valores basura.
     4d6:	e9 2f       	mov	r30, r25
     4d8:	f0 e0       	ldi	r31, 0x00	; 0
     4da:	33 96       	adiw	r30, 0x03	; 3
     4dc:	ee 0f       	add	r30, r30
     4de:	ff 1f       	adc	r31, r31
     4e0:	ea 0f       	add	r30, r26
     4e2:	fb 1f       	adc	r31, r27
     4e4:	11 82       	std	Z+1, r1	; 0x01
     4e6:	10 82       	st	Z, r1

	sensor->max_distance_cm = 400;                                // Define la distancia maxima valida aproximada del HC-SR04 en centimetros.

	sensor->tolerance_cm = 1;                                     // Define una tolerancia de 1 cm para agrupar mediciones similares.

	for (i = 0; i < HCSR04_MAX_SAMPLES; i++)                      // Recorre todas las posiciones del arreglo de muestras.
     4e8:	9f 5f       	subi	r25, 0xFF	; 255
     4ea:	9a 30       	cpi	r25, 0x0A	; 10
     4ec:	a0 f3       	brcs	.-24     	; 0x4d6 <HCSR04_Init+0x58>
	{
		sensor->samples[i] = 0;                                   // Inicializa cada muestra en cero para evitar valores basura.
	}

	return HCSR04_OK;                                             // Devuelve estado correcto porque la inicializacion finalizo sin errores.
     4ee:	80 e0       	ldi	r24, 0x00	; 0
     4f0:	08 95       	ret
{
	uint8_t i = 0;                                                // Variable auxiliar para recorrer el arreglo de muestras.

	if (sensor == 0)                                              // Verifica si el puntero al sensor es nulo.
	{
		return HCSR04_ERROR_NULL;                                 // Devuelve error porque no se puede trabajar con un sensor inexistente.
     4f2:	81 e0       	ldi	r24, 0x01	; 1
     4f4:	08 95       	ret
	}

	if (trigger == 0)                                             // Verifica si el puntero a la funcion Trigger es nulo.
	{
		return HCSR04_ERROR_NULL;                                 // Devuelve error porque la libreria necesita una funcion para disparar el sensor.
     4f6:	81 e0       	ldi	r24, 0x01	; 1
     4f8:	08 95       	ret
	}

	if (read_echo_us == 0)                                        // Verifica si el puntero a la funcion de lectura Echo es nulo.
	{
		return HCSR04_ERROR_NULL;                                 // Devuelve error porque la libreria necesita una funcion para medir el Echo.
     4fa:	81 e0       	ldi	r24, 0x01	; 1
	{
		sensor->samples[i] = 0;                                   // Inicializa cada muestra en cero para evitar valores basura.
	}

	return HCSR04_OK;                                             // Devuelve estado correcto porque la inicializacion finalizo sin errores.
}
     4fc:	08 95       	ret

000004fe <HCSR04_MeasureCm>:

_sHCSR04_status_t HCSR04_MeasureCm(_sHCSR04_t *sensor, uint16_t *distance_cm)
{
     4fe:	cf 92       	push	r12
     500:	df 92       	push	r13
     502:	ef 92       	push	r14
     504:	ff 92       	push	r15
     506:	0f 93       	push	r16
     508:	1f 93       	push	r17
     50a:	cf 93       	push	r28
     50c:	df 93       	push	r29
     50e:	00 d0       	rcall	.+0      	; 0x510 <HCSR04_MeasureCm+0x12>
     510:	00 d0       	rcall	.+0      	; 0x512 <HCSR04_MeasureCm+0x14>
     512:	cd b7       	in	r28, 0x3d	; 61
     514:	de b7       	in	r29, 0x3e	; 62
	uint32_t echo_us = 0;                                         // Variable donde se guardara el tiempo del pulso Echo en microsegundos.
     516:	19 82       	std	Y+1, r1	; 0x01
     518:	1a 82       	std	Y+2, r1	; 0x02
     51a:	1b 82       	std	Y+3, r1	; 0x03
     51c:	1c 82       	std	Y+4, r1	; 0x04

	uint16_t distance = 0;											// Variable donde se guardara la distancia calculada en centimetros.

	uint8_t echo_status = 0;										// Variable donde se guardara si la medicion del Echo fue correcta o no.

	if (sensor == 0)												// Verifica si el puntero al sensor es nulo.
     51e:	00 97       	sbiw	r24, 0x00	; 0
     520:	c1 f1       	breq	.+112    	; 0x592 <HCSR04_MeasureCm+0x94>
	{
		return HCSR04_ERROR_NULL;									// Devuelve error porque no se puede medir con un sensor inexistente.
	}

	if (distance_cm == 0)											// Verifica si el puntero donde se debe guardar la distancia es nulo.
     522:	61 15       	cp	r22, r1
     524:	71 05       	cpc	r23, r1
     526:	b9 f1       	breq	.+110    	; 0x596 <HCSR04_MeasureCm+0x98>
     528:	7b 01       	movw	r14, r22
     52a:	8c 01       	movw	r16, r24
	{
		return HCSR04_ERROR_NULL;									// Devuelve error porque no hay donde entregar el resultado de la medicion.
	}

	sensor->trigger(sensor->context);								// Llama a la funcion externa que genera el pulso Trigger del HC-SR04.
     52c:	dc 01       	movw	r26, r24
     52e:	ed 91       	ld	r30, X+
     530:	fc 91       	ld	r31, X
     532:	11 97       	sbiw	r26, 0x01	; 1
     534:	14 96       	adiw	r26, 0x04	; 4
     536:	8d 91       	ld	r24, X+
     538:	9c 91       	ld	r25, X
     53a:	15 97       	sbiw	r26, 0x05	; 5
     53c:	09 95       	icall

	echo_status = sensor->read_echo_us(sensor->context, &echo_us);	// Llama a la funcion externa que mide el tiempo del pulso Echo.
     53e:	d8 01       	movw	r26, r16
     540:	12 96       	adiw	r26, 0x02	; 2
     542:	ed 91       	ld	r30, X+
     544:	fc 91       	ld	r31, X
     546:	13 97       	sbiw	r26, 0x03	; 3
     548:	be 01       	movw	r22, r28
     54a:	6f 5f       	subi	r22, 0xFF	; 255
     54c:	7f 4f       	sbci	r23, 0xFF	; 255
     54e:	14 96       	adiw	r26, 0x04	; 4
     550:	8d 91       	ld	r24, X+
     552:	9c 91       	ld	r25, X
     554:	15 97       	sbiw	r26, 0x05	; 5
     556:	09 95       	icall

	if (echo_status == 0)											// Verifica si la medicion del Echo fallo.
     558:	88 23       	and	r24, r24
     55a:	f9 f0       	breq	.+62     	; 0x59a <HCSR04_MeasureCm+0x9c>
	{
		return HCSR04_ERROR_TIMEOUT;	                            // Devuelve error de timeout porque no se obtuvo una medicion valida.
	}

	distance = HCSR04_ConvertUsToCm(echo_us);						// Convierte el tiempo medido en microsegundos a distancia en centimetros.
     55c:	69 81       	ldd	r22, Y+1	; 0x01
     55e:	7a 81       	ldd	r23, Y+2	; 0x02
     560:	8b 81       	ldd	r24, Y+3	; 0x03
     562:	9c 81       	ldd	r25, Y+4	; 0x04
     564:	0e 94 14 02 	call	0x428	; 0x428 <HCSR04_ConvertUsToCm>
     568:	6c 01       	movw	r12, r24

	if (distance < sensor->min_distance_cm)							// Verifica si la distancia calculada esta por debajo del rango valido.
     56a:	f8 01       	movw	r30, r16
     56c:	84 8d       	ldd	r24, Z+28	; 0x1c
     56e:	95 8d       	ldd	r25, Z+29	; 0x1d
     570:	c8 16       	cp	r12, r24
     572:	d9 06       	cpc	r13, r25
     574:	a0 f0       	brcs	.+40     	; 0x59e <HCSR04_MeasureCm+0xa0>
	{
		return HCSR04_ERROR_OUT_OF_RANGE;							// Devuelve error porque la distancia es menor a la permitida.
	}

	if (distance > sensor->max_distance_cm)							// Verifica si la distancia calculada esta por encima del rango valido.
     576:	86 8d       	ldd	r24, Z+30	; 0x1e
     578:	97 8d       	ldd	r25, Z+31	; 0x1f
     57a:	8c 15       	cp	r24, r12
     57c:	9d 05       	cpc	r25, r13
     57e:	88 f0       	brcs	.+34     	; 0x5a2 <HCSR04_MeasureCm+0xa4>
	{
		return HCSR04_ERROR_OUT_OF_RANGE;							// Devuelve error porque la distancia es mayor a la permitida.
	}

	HCSR04_AddSample(sensor, distance);								// Guarda la medicion valida en el buffer de muestras.
     580:	b6 01       	movw	r22, r12
     582:	c8 01       	movw	r24, r16
     584:	0e 94 20 02 	call	0x440	; 0x440 <HCSR04_AddSample>

	*distance_cm = distance;										// Entrega la distancia medida al usuario mediante el puntero recibido.
     588:	d7 01       	movw	r26, r14
     58a:	cd 92       	st	X+, r12
     58c:	dc 92       	st	X, r13

	return HCSR04_OK;												// Devuelve estado correcto porque la medicion fue realizada con exito.
     58e:	80 e0       	ldi	r24, 0x00	; 0
     590:	09 c0       	rjmp	.+18     	; 0x5a4 <HCSR04_MeasureCm+0xa6>

	uint8_t echo_status = 0;										// Variable donde se guardara si la medicion del Echo fue correcta o no.

	if (sensor == 0)												// Verifica si el puntero al sensor es nulo.
	{
		return HCSR04_ERROR_NULL;									// Devuelve error porque no se puede medir con un sensor inexistente.
     592:	81 e0       	ldi	r24, 0x01	; 1
     594:	07 c0       	rjmp	.+14     	; 0x5a4 <HCSR04_MeasureCm+0xa6>
	}

	if (distance_cm == 0)											// Verifica si el puntero donde se debe guardar la distancia es nulo.
	{
		return HCSR04_ERROR_NULL;									// Devuelve error porque no hay donde entregar el resultado de la medicion.
     596:	81 e0       	ldi	r24, 0x01	; 1
     598:	05 c0       	rjmp	.+10     	; 0x5a4 <HCSR04_MeasureCm+0xa6>

	echo_status = sensor->read_echo_us(sensor->context, &echo_us);	// Llama a la funcion externa que mide el tiempo del pulso Echo.

	if (echo_status == 0)											// Verifica si la medicion del Echo fallo.
	{
		return HCSR04_ERROR_TIMEOUT;	                            // Devuelve error de timeout porque no se obtuvo una medicion valida.
     59a:	82 e0       	ldi	r24, 0x02	; 2
     59c:	03 c0       	rjmp	.+6      	; 0x5a4 <HCSR04_MeasureCm+0xa6>

	distance = HCSR04_ConvertUsToCm(echo_us);						// Convierte el tiempo medido en microsegundos a distancia en centimetros.

	if (distance < sensor->min_distance_cm)							// Verifica si la distancia calculada esta por debajo del rango valido.
	{
		return HCSR04_ERROR_OUT_OF_RANGE;							// Devuelve error porque la distancia es menor a la permitida.
     59e:	83 e0       	ldi	r24, 0x03	; 3
     5a0:	01 c0       	rjmp	.+2      	; 0x5a4 <HCSR04_MeasureCm+0xa6>
	}

	if (distance > sensor->max_distance_cm)							// Verifica si la distancia calculada esta por encima del rango valido.
	{
		return HCSR04_ERROR_OUT_OF_RANGE;							// Devuelve error porque la distancia es mayor a la permitida.
     5a2:	83 e0       	ldi	r24, 0x03	; 3
	HCSR04_AddSample(sensor, distance);								// Guarda la medicion valida en el buffer de muestras.

	*distance_cm = distance;										// Entrega la distancia medida al usuario mediante el puntero recibido.

	return HCSR04_OK;												// Devuelve estado correcto porque la medicion fue realizada con exito.
}
     5a4:	0f 90       	pop	r0
     5a6:	0f 90       	pop	r0
     5a8:	0f 90       	pop	r0
     5aa:	0f 90       	pop	r0
     5ac:	df 91       	pop	r29
     5ae:	cf 91       	pop	r28
     5b0:	1f 91       	pop	r17
     5b2:	0f 91       	pop	r16
     5b4:	ff 90       	pop	r15
     5b6:	ef 90       	pop	r14
     5b8:	df 90       	pop	r13
     5ba:	cf 90       	pop	r12
     5bc:	08 95       	ret

000005be <IR_Init>:
static uint8_t actualState[4];
static uint8_t contDB[4];
static uint8_t flag [4];

void IR_Init(){
	DDRD &= ~(1 << PD5);
     5be:	8a b1       	in	r24, 0x0a	; 10
     5c0:	8f 7d       	andi	r24, 0xDF	; 223
     5c2:	8a b9       	out	0x0a, r24	; 10
	DDRD &= ~(1 << PD2);
     5c4:	8a b1       	in	r24, 0x0a	; 10
     5c6:	8b 7f       	andi	r24, 0xFB	; 251
     5c8:	8a b9       	out	0x0a, r24	; 10
	DDRD &= ~(1 << PD3);
     5ca:	8a b1       	in	r24, 0x0a	; 10
     5cc:	87 7f       	andi	r24, 0xF7	; 247
     5ce:	8a b9       	out	0x0a, r24	; 10
	DDRD &= ~(1 << PD4);
     5d0:	8a b1       	in	r24, 0x0a	; 10
     5d2:	8f 7e       	andi	r24, 0xEF	; 239
     5d4:	8a b9       	out	0x0a, r24	; 10
	
	for(uint8_t i = 0; i < 4; i++){
     5d6:	20 e0       	ldi	r18, 0x00	; 0
     5d8:	14 c0       	rjmp	.+40     	; 0x602 <IR_Init+0x44>
		lastState[i] = 1;
     5da:	82 2f       	mov	r24, r18
     5dc:	90 e0       	ldi	r25, 0x00	; 0
     5de:	fc 01       	movw	r30, r24
     5e0:	ed 54       	subi	r30, 0x4D	; 77
     5e2:	fe 4f       	sbci	r31, 0xFE	; 254
     5e4:	31 e0       	ldi	r19, 0x01	; 1
     5e6:	30 83       	st	Z, r19
		actualState[i] = 1;
     5e8:	fc 01       	movw	r30, r24
     5ea:	e1 55       	subi	r30, 0x51	; 81
     5ec:	fe 4f       	sbci	r31, 0xFE	; 254
     5ee:	30 83       	st	Z, r19
		contDB[i] = 0;
     5f0:	fc 01       	movw	r30, r24
     5f2:	e5 55       	subi	r30, 0x55	; 85
     5f4:	fe 4f       	sbci	r31, 0xFE	; 254
     5f6:	10 82       	st	Z, r1
		flag[i] = 0;
     5f8:	fc 01       	movw	r30, r24
     5fa:	e9 55       	subi	r30, 0x59	; 89
     5fc:	fe 4f       	sbci	r31, 0xFE	; 254
     5fe:	10 82       	st	Z, r1
	DDRD &= ~(1 << PD5);
	DDRD &= ~(1 << PD2);
	DDRD &= ~(1 << PD3);
	DDRD &= ~(1 << PD4);
	
	for(uint8_t i = 0; i < 4; i++){
     600:	2f 5f       	subi	r18, 0xFF	; 255
     602:	24 30       	cpi	r18, 0x04	; 4
     604:	50 f3       	brcs	.-44     	; 0x5da <IR_Init+0x1c>
		actualState[i] = 1;
		contDB[i] = 0;
		flag[i] = 0;
	}
	
}
     606:	08 95       	ret

00000608 <IR_Update>:

void IR_Update(){
	for (uint8_t i = 0; i < 4; i++){
     608:	20 e0       	ldi	r18, 0x00	; 0
     60a:	55 c0       	rjmp	.+170    	; 0x6b6 <IR_Update+0xae>
		if(contDB[i] > 0){
     60c:	82 2f       	mov	r24, r18
     60e:	90 e0       	ldi	r25, 0x00	; 0
     610:	fc 01       	movw	r30, r24
     612:	e5 55       	subi	r30, 0x55	; 85
     614:	fe 4f       	sbci	r31, 0xFE	; 254
     616:	30 81       	ld	r19, Z
     618:	33 23       	and	r19, r19
     61a:	31 f0       	breq	.+12     	; 0x628 <IR_Update+0x20>
			contDB[i]--;
     61c:	fc 01       	movw	r30, r24
     61e:	e5 55       	subi	r30, 0x55	; 85
     620:	fe 4f       	sbci	r31, 0xFE	; 254
     622:	31 50       	subi	r19, 0x01	; 1
     624:	30 83       	st	Z, r19
     626:	46 c0       	rjmp	.+140    	; 0x6b4 <IR_Update+0xac>
		}else{
			if(i == 0){
     628:	21 11       	cpse	r18, r1
     62a:	09 c0       	rjmp	.+18     	; 0x63e <IR_Update+0x36>
				actualState[i] = (PIND & (1 << PD5)) ? 1 : 0;
     62c:	39 b1       	in	r19, 0x09	; 9
     62e:	35 fb       	bst	r19, 5
     630:	33 27       	eor	r19, r19
     632:	30 f9       	bld	r19, 0
     634:	fc 01       	movw	r30, r24
     636:	e1 55       	subi	r30, 0x51	; 81
     638:	fe 4f       	sbci	r31, 0xFE	; 254
     63a:	30 83       	st	Z, r19
     63c:	1d c0       	rjmp	.+58     	; 0x678 <IR_Update+0x70>
			}else if (i == 1){
     63e:	21 30       	cpi	r18, 0x01	; 1
     640:	49 f4       	brne	.+18     	; 0x654 <IR_Update+0x4c>
				actualState[i] = (PIND & (1 << PD2)) ? 1 : 0;
     642:	39 b1       	in	r19, 0x09	; 9
     644:	32 fb       	bst	r19, 2
     646:	33 27       	eor	r19, r19
     648:	30 f9       	bld	r19, 0
     64a:	fc 01       	movw	r30, r24
     64c:	e1 55       	subi	r30, 0x51	; 81
     64e:	fe 4f       	sbci	r31, 0xFE	; 254
     650:	30 83       	st	Z, r19
     652:	12 c0       	rjmp	.+36     	; 0x678 <IR_Update+0x70>
			}else if(i == 2){
     654:	22 30       	cpi	r18, 0x02	; 2
     656:	49 f4       	brne	.+18     	; 0x66a <IR_Update+0x62>
				actualState[i] = (PIND & (1 << PD3)) ? 1 : 0;
     658:	39 b1       	in	r19, 0x09	; 9
     65a:	33 fb       	bst	r19, 3
     65c:	33 27       	eor	r19, r19
     65e:	30 f9       	bld	r19, 0
     660:	fc 01       	movw	r30, r24
     662:	e1 55       	subi	r30, 0x51	; 81
     664:	fe 4f       	sbci	r31, 0xFE	; 254
     666:	30 83       	st	Z, r19
     668:	07 c0       	rjmp	.+14     	; 0x678 <IR_Update+0x70>
			}else{
				actualState[i] = (PIND & (1 << PD4)) ? 1 : 0;
     66a:	39 b1       	in	r19, 0x09	; 9
     66c:	32 95       	swap	r19
     66e:	31 70       	andi	r19, 0x01	; 1
     670:	fc 01       	movw	r30, r24
     672:	e1 55       	subi	r30, 0x51	; 81
     674:	fe 4f       	sbci	r31, 0xFE	; 254
     676:	30 83       	st	Z, r19
			}
			
			if(lastState[i] == 1 &&  actualState[i] == 0){
     678:	fc 01       	movw	r30, r24
     67a:	ed 54       	subi	r30, 0x4D	; 77
     67c:	fe 4f       	sbci	r31, 0xFE	; 254
     67e:	30 81       	ld	r19, Z
     680:	31 30       	cpi	r19, 0x01	; 1
     682:	81 f4       	brne	.+32     	; 0x6a4 <IR_Update+0x9c>
     684:	fc 01       	movw	r30, r24
     686:	e1 55       	subi	r30, 0x51	; 81
     688:	fe 4f       	sbci	r31, 0xFE	; 254
     68a:	30 81       	ld	r19, Z
     68c:	31 11       	cpse	r19, r1
     68e:	0a c0       	rjmp	.+20     	; 0x6a4 <IR_Update+0x9c>
				contDB [i] = 20;
     690:	34 e1       	ldi	r19, 0x14	; 20
     692:	fc 01       	movw	r30, r24
     694:	e5 55       	subi	r30, 0x55	; 85
     696:	fe 4f       	sbci	r31, 0xFE	; 254
     698:	30 83       	st	Z, r19
				flag[i] = 1;
     69a:	31 e0       	ldi	r19, 0x01	; 1
     69c:	fc 01       	movw	r30, r24
     69e:	e9 55       	subi	r30, 0x59	; 89
     6a0:	fe 4f       	sbci	r31, 0xFE	; 254
     6a2:	30 83       	st	Z, r19
			}
			
			lastState[i] = actualState[i];
     6a4:	fc 01       	movw	r30, r24
     6a6:	e1 55       	subi	r30, 0x51	; 81
     6a8:	fe 4f       	sbci	r31, 0xFE	; 254
     6aa:	30 81       	ld	r19, Z
     6ac:	fc 01       	movw	r30, r24
     6ae:	ed 54       	subi	r30, 0x4D	; 77
     6b0:	fe 4f       	sbci	r31, 0xFE	; 254
     6b2:	30 83       	st	Z, r19
	}
	
}

void IR_Update(){
	for (uint8_t i = 0; i < 4; i++){
     6b4:	2f 5f       	subi	r18, 0xFF	; 255
     6b6:	24 30       	cpi	r18, 0x04	; 4
     6b8:	08 f4       	brcc	.+2      	; 0x6bc <IR_Update+0xb4>
     6ba:	a8 cf       	rjmp	.-176    	; 0x60c <IR_Update+0x4>
			}
			
			lastState[i] = actualState[i];
		}
	}
}
     6bc:	08 95       	ret

000006be <IR_FallingEdge>:

uint8_t IR_FallingEdge(_eIRID id){
	uint8_t flag2;
	
	flag2 = flag[id];
     6be:	e8 2f       	mov	r30, r24
     6c0:	f0 e0       	ldi	r31, 0x00	; 0
     6c2:	e9 55       	subi	r30, 0x59	; 89
     6c4:	fe 4f       	sbci	r31, 0xFE	; 254
     6c6:	80 81       	ld	r24, Z
	
	flag[id] = 0;
     6c8:	10 82       	st	Z, r1
	
	return flag2;
	
     6ca:	08 95       	ret

000006cc <ColaPush>:
	}
}

static void ColaPush(uint8_t pusher, uint8_t valor){
	
	if (cola[pusher].qty < 8){
     6cc:	90 e0       	ldi	r25, 0x00	; 0
     6ce:	2b e0       	ldi	r18, 0x0B	; 11
     6d0:	28 9f       	mul	r18, r24
     6d2:	f0 01       	movw	r30, r0
     6d4:	29 9f       	mul	r18, r25
     6d6:	f0 0d       	add	r31, r0
     6d8:	11 24       	eor	r1, r1
     6da:	e6 54       	subi	r30, 0x46	; 70
     6dc:	fe 4f       	sbci	r31, 0xFE	; 254
     6de:	22 85       	ldd	r18, Z+10	; 0x0a
     6e0:	28 30       	cpi	r18, 0x08	; 8
     6e2:	28 f5       	brcc	.+74     	; 0x72e <ColaPush+0x62>
		cola[pusher].count[cola[pusher].tail] = valor;
     6e4:	2b e0       	ldi	r18, 0x0B	; 11
     6e6:	28 9f       	mul	r18, r24
     6e8:	f0 01       	movw	r30, r0
     6ea:	29 9f       	mul	r18, r25
     6ec:	f0 0d       	add	r31, r0
     6ee:	11 24       	eor	r1, r1
     6f0:	e6 54       	subi	r30, 0x46	; 70
     6f2:	fe 4f       	sbci	r31, 0xFE	; 254
     6f4:	21 85       	ldd	r18, Z+9	; 0x09
     6f6:	30 e0       	ldi	r19, 0x00	; 0
     6f8:	e2 0f       	add	r30, r18
     6fa:	f3 1f       	adc	r31, r19
     6fc:	60 83       	st	Z, r22
		cola[pusher].tail = (cola[pusher].tail + 1) % 8;
     6fe:	2f 5f       	subi	r18, 0xFF	; 255
     700:	3f 4f       	sbci	r19, 0xFF	; 255
     702:	27 70       	andi	r18, 0x07	; 7
     704:	30 78       	andi	r19, 0x80	; 128
     706:	33 23       	and	r19, r19
     708:	34 f4       	brge	.+12     	; 0x716 <ColaPush+0x4a>
     70a:	21 50       	subi	r18, 0x01	; 1
     70c:	31 09       	sbc	r19, r1
     70e:	28 6f       	ori	r18, 0xF8	; 248
     710:	3f 6f       	ori	r19, 0xFF	; 255
     712:	2f 5f       	subi	r18, 0xFF	; 255
     714:	3f 4f       	sbci	r19, 0xFF	; 255
     716:	3b e0       	ldi	r19, 0x0B	; 11
     718:	38 9f       	mul	r19, r24
     71a:	f0 01       	movw	r30, r0
     71c:	39 9f       	mul	r19, r25
     71e:	f0 0d       	add	r31, r0
     720:	11 24       	eor	r1, r1
     722:	e6 54       	subi	r30, 0x46	; 70
     724:	fe 4f       	sbci	r31, 0xFE	; 254
     726:	21 87       	std	Z+9, r18	; 0x09
		cola[pusher].qty++;
     728:	82 85       	ldd	r24, Z+10	; 0x0a
     72a:	8f 5f       	subi	r24, 0xFF	; 255
     72c:	82 87       	std	Z+10, r24	; 0x0a
     72e:	08 95       	ret

00000730 <IRTARGET_Init>:

static void ColaPush(uint8_t pusher, uint8_t valor);

void IRTARGET_Init(){
	
	for(uint8_t i = 0; i < 3; i++){
     730:	80 e0       	ldi	r24, 0x00	; 0
     732:	13 c0       	rjmp	.+38     	; 0x75a <IRTARGET_Init+0x2a>
		acc[i] = 0;
     734:	28 2f       	mov	r18, r24
     736:	30 e0       	ldi	r19, 0x00	; 0
     738:	f9 01       	movw	r30, r18
     73a:	e9 54       	subi	r30, 0x49	; 73
     73c:	fe 4f       	sbci	r31, 0xFE	; 254
     73e:	10 82       	st	Z, r1
		memset(&cola[i], 0, sizeof(_sIRTargetQueue));
     740:	9b e0       	ldi	r25, 0x0B	; 11
     742:	92 9f       	mul	r25, r18
     744:	f0 01       	movw	r30, r0
     746:	93 9f       	mul	r25, r19
     748:	f0 0d       	add	r31, r0
     74a:	11 24       	eor	r1, r1
     74c:	e6 54       	subi	r30, 0x46	; 70
     74e:	fe 4f       	sbci	r31, 0xFE	; 254
     750:	df 01       	movw	r26, r30
     752:	1d 92       	st	X+, r1
     754:	9a 95       	dec	r25
     756:	e9 f7       	brne	.-6      	; 0x752 <IRTARGET_Init+0x22>

static void ColaPush(uint8_t pusher, uint8_t valor);

void IRTARGET_Init(){
	
	for(uint8_t i = 0; i < 3; i++){
     758:	8f 5f       	subi	r24, 0xFF	; 255
     75a:	83 30       	cpi	r24, 0x03	; 3
     75c:	58 f3       	brcs	.-42     	; 0x734 <IRTARGET_Init+0x4>
		acc[i] = 0;
		memset(&cola[i], 0, sizeof(_sIRTargetQueue));
	}
}
     75e:	08 95       	ret

00000760 <IRTARGET_RegisterBox>:
		cola[pusher].tail = (cola[pusher].tail + 1) % 8;
		cola[pusher].qty++;
	}
}

void IRTARGET_RegisterBox(_eBoxType	tipo){
     760:	cf 93       	push	r28
     762:	df 93       	push	r29
	switch(tipo){
     764:	81 30       	cpi	r24, 0x01	; 1
     766:	a1 f0       	breq	.+40     	; 0x790 <IRTARGET_RegisterBox+0x30>
     768:	28 f0       	brcs	.+10     	; 0x774 <IRTARGET_RegisterBox+0x14>
     76a:	82 30       	cpi	r24, 0x02	; 2
     76c:	f9 f0       	breq	.+62     	; 0x7ac <IRTARGET_RegisterBox+0x4c>
     76e:	83 30       	cpi	r24, 0x03	; 3
     770:	59 f1       	breq	.+86     	; 0x7c8 <IRTARGET_RegisterBox+0x68>
     772:	35 c0       	rjmp	.+106    	; 0x7de <IRTARGET_RegisterBox+0x7e>
		case BOX_SMALL:
			ColaPush(0, acc[0]);
     774:	c7 eb       	ldi	r28, 0xB7	; 183
     776:	d1 e0       	ldi	r29, 0x01	; 1
     778:	68 81       	ld	r22, Y
     77a:	80 e0       	ldi	r24, 0x00	; 0
     77c:	0e 94 66 03 	call	0x6cc	; 0x6cc <ColaPush>
			acc[0] = 0;
     780:	18 82       	st	Y, r1
			acc[1]++;
     782:	89 81       	ldd	r24, Y+1	; 0x01
     784:	8f 5f       	subi	r24, 0xFF	; 255
     786:	89 83       	std	Y+1, r24	; 0x01
			acc[2]++;
     788:	8a 81       	ldd	r24, Y+2	; 0x02
     78a:	8f 5f       	subi	r24, 0xFF	; 255
     78c:	8a 83       	std	Y+2, r24	; 0x02
		break;
     78e:	27 c0       	rjmp	.+78     	; 0x7de <IRTARGET_RegisterBox+0x7e>
		case BOX_MEDIUM:
			ColaPush(1, acc[1]);
     790:	c7 eb       	ldi	r28, 0xB7	; 183
     792:	d1 e0       	ldi	r29, 0x01	; 1
     794:	69 81       	ldd	r22, Y+1	; 0x01
     796:	81 e0       	ldi	r24, 0x01	; 1
     798:	0e 94 66 03 	call	0x6cc	; 0x6cc <ColaPush>
			acc[1] = 0;
     79c:	19 82       	std	Y+1, r1	; 0x01
			acc[0]++;
     79e:	88 81       	ld	r24, Y
     7a0:	8f 5f       	subi	r24, 0xFF	; 255
     7a2:	88 83       	st	Y, r24
			acc[2]++;
     7a4:	8a 81       	ldd	r24, Y+2	; 0x02
     7a6:	8f 5f       	subi	r24, 0xFF	; 255
     7a8:	8a 83       	std	Y+2, r24	; 0x02
		break;
     7aa:	19 c0       	rjmp	.+50     	; 0x7de <IRTARGET_RegisterBox+0x7e>
		case BOX_BIG:
			ColaPush(2, acc[2]);
     7ac:	c7 eb       	ldi	r28, 0xB7	; 183
     7ae:	d1 e0       	ldi	r29, 0x01	; 1
     7b0:	6a 81       	ldd	r22, Y+2	; 0x02
     7b2:	82 e0       	ldi	r24, 0x02	; 2
     7b4:	0e 94 66 03 	call	0x6cc	; 0x6cc <ColaPush>
			acc[2] = 0;
     7b8:	1a 82       	std	Y+2, r1	; 0x02
			acc[1]++;
     7ba:	89 81       	ldd	r24, Y+1	; 0x01
     7bc:	8f 5f       	subi	r24, 0xFF	; 255
     7be:	89 83       	std	Y+1, r24	; 0x01
			acc[0]++;
     7c0:	88 81       	ld	r24, Y
     7c2:	8f 5f       	subi	r24, 0xFF	; 255
     7c4:	88 83       	st	Y, r24
		break;
     7c6:	0b c0       	rjmp	.+22     	; 0x7de <IRTARGET_RegisterBox+0x7e>
		case BOX_NONE:
			acc[0]++;
     7c8:	e7 eb       	ldi	r30, 0xB7	; 183
     7ca:	f1 e0       	ldi	r31, 0x01	; 1
     7cc:	80 81       	ld	r24, Z
     7ce:	8f 5f       	subi	r24, 0xFF	; 255
     7d0:	80 83       	st	Z, r24
			acc[1]++;
     7d2:	81 81       	ldd	r24, Z+1	; 0x01
     7d4:	8f 5f       	subi	r24, 0xFF	; 255
     7d6:	81 83       	std	Z+1, r24	; 0x01
			acc[2]++;
     7d8:	82 81       	ldd	r24, Z+2	; 0x02
     7da:	8f 5f       	subi	r24, 0xFF	; 255
     7dc:	82 83       	std	Z+2, r24	; 0x02
		break;
	}
}
     7de:	df 91       	pop	r29
     7e0:	cf 91       	pop	r28
     7e2:	08 95       	ret

000007e4 <IRTARGET_Tick>:

uint8_t IRTARGET_Tick(_ePushersOn pusher){
	if(cola[pusher].qty > 0){
     7e4:	48 2f       	mov	r20, r24
     7e6:	50 e0       	ldi	r21, 0x00	; 0
     7e8:	8b e0       	ldi	r24, 0x0B	; 11
     7ea:	84 9f       	mul	r24, r20
     7ec:	f0 01       	movw	r30, r0
     7ee:	85 9f       	mul	r24, r21
     7f0:	f0 0d       	add	r31, r0
     7f2:	11 24       	eor	r1, r1
     7f4:	e6 54       	subi	r30, 0x46	; 70
     7f6:	fe 4f       	sbci	r31, 0xFE	; 254
     7f8:	82 85       	ldd	r24, Z+10	; 0x0a
     7fa:	88 23       	and	r24, r24
     7fc:	c1 f1       	breq	.+112    	; 0x86e <__DATA_REGION_LENGTH__+0x6e>
		if(cola[pusher].count[cola[pusher].head] == 0){
     7fe:	8b e0       	ldi	r24, 0x0B	; 11
     800:	84 9f       	mul	r24, r20
     802:	f0 01       	movw	r30, r0
     804:	85 9f       	mul	r24, r21
     806:	f0 0d       	add	r31, r0
     808:	11 24       	eor	r1, r1
     80a:	e6 54       	subi	r30, 0x46	; 70
     80c:	fe 4f       	sbci	r31, 0xFE	; 254
     80e:	20 85       	ldd	r18, Z+8	; 0x08
     810:	30 e0       	ldi	r19, 0x00	; 0
     812:	e2 0f       	add	r30, r18
     814:	f3 1f       	adc	r31, r19
     816:	80 81       	ld	r24, Z
     818:	81 11       	cpse	r24, r1
     81a:	1a c0       	rjmp	.+52     	; 0x850 <__DATA_REGION_LENGTH__+0x50>
			cola[pusher].head = (cola[pusher].head + 1) % 8;
     81c:	2f 5f       	subi	r18, 0xFF	; 255
     81e:	3f 4f       	sbci	r19, 0xFF	; 255
     820:	27 70       	andi	r18, 0x07	; 7
     822:	30 78       	andi	r19, 0x80	; 128
     824:	33 23       	and	r19, r19
     826:	34 f4       	brge	.+12     	; 0x834 <__DATA_REGION_LENGTH__+0x34>
     828:	21 50       	subi	r18, 0x01	; 1
     82a:	31 09       	sbc	r19, r1
     82c:	28 6f       	ori	r18, 0xF8	; 248
     82e:	3f 6f       	ori	r19, 0xFF	; 255
     830:	2f 5f       	subi	r18, 0xFF	; 255
     832:	3f 4f       	sbci	r19, 0xFF	; 255
     834:	8b e0       	ldi	r24, 0x0B	; 11
     836:	84 9f       	mul	r24, r20
     838:	f0 01       	movw	r30, r0
     83a:	85 9f       	mul	r24, r21
     83c:	f0 0d       	add	r31, r0
     83e:	11 24       	eor	r1, r1
     840:	e6 54       	subi	r30, 0x46	; 70
     842:	fe 4f       	sbci	r31, 0xFE	; 254
     844:	20 87       	std	Z+8, r18	; 0x08
			cola[pusher].qty--;
     846:	82 85       	ldd	r24, Z+10	; 0x0a
     848:	81 50       	subi	r24, 0x01	; 1
     84a:	82 87       	std	Z+10, r24	; 0x0a
			return 1;
     84c:	81 e0       	ldi	r24, 0x01	; 1
     84e:	08 95       	ret
		}else{
			cola[pusher].count[cola[pusher].head]--;
     850:	9b e0       	ldi	r25, 0x0B	; 11
     852:	94 9f       	mul	r25, r20
     854:	b0 01       	movw	r22, r0
     856:	95 9f       	mul	r25, r21
     858:	70 0d       	add	r23, r0
     85a:	11 24       	eor	r1, r1
     85c:	ab 01       	movw	r20, r22
     85e:	46 54       	subi	r20, 0x46	; 70
     860:	5e 4f       	sbci	r21, 0xFE	; 254
     862:	fa 01       	movw	r30, r20
     864:	e2 0f       	add	r30, r18
     866:	f3 1f       	adc	r31, r19
     868:	81 50       	subi	r24, 0x01	; 1
     86a:	80 83       	st	Z, r24
			return 0;
     86c:	80 e0       	ldi	r24, 0x00	; 0
		}
	}
	return 0;
     86e:	08 95       	ret

00000870 <Timer1_BorrowStart>:
static uint32_t     sonar_echo_us = 0;   // resultado pre-calculado
static uint8_t      sonar_ready   = 0;
static uint8_t      sonar_err     = 0;

static void Timer1_BorrowStart(void){
    TIMSK1 &= ~(1 << OCIE1A);
     870:	ef e6       	ldi	r30, 0x6F	; 111
     872:	f0 e0       	ldi	r31, 0x00	; 0
     874:	80 81       	ld	r24, Z
     876:	8d 7f       	andi	r24, 0xFD	; 253
     878:	80 83       	st	Z, r24
    TCCR1A  = 0;
     87a:	10 92 80 00 	sts	0x0080, r1	; 0x800080 <__TEXT_REGION_LENGTH__+0x7f8080>
    TCCR1B  = (1 << CS11);    // Normal, prescaler 8 -> 0.5us/tick
     87e:	82 e0       	ldi	r24, 0x02	; 2
     880:	80 93 81 00 	sts	0x0081, r24	; 0x800081 <__TEXT_REGION_LENGTH__+0x7f8081>
    TCNT1   = 0;
     884:	10 92 85 00 	sts	0x0085, r1	; 0x800085 <__TEXT_REGION_LENGTH__+0x7f8085>
     888:	10 92 84 00 	sts	0x0084, r1	; 0x800084 <__TEXT_REGION_LENGTH__+0x7f8084>
     88c:	08 95       	ret

0000088e <Timer1_Restore>:
}

static void Timer1_Restore(void){
    TCCR1A = 0;
     88e:	10 92 80 00 	sts	0x0080, r1	; 0x800080 <__TEXT_REGION_LENGTH__+0x7f8080>
    TCCR1B = (1 << WGM12) | (1 << CS11) | (1 << CS10);
     892:	8b e0       	ldi	r24, 0x0B	; 11
     894:	80 93 81 00 	sts	0x0081, r24	; 0x800081 <__TEXT_REGION_LENGTH__+0x7f8081>
    OCR1AH = 0;
     898:	10 92 89 00 	sts	0x0089, r1	; 0x800089 <__TEXT_REGION_LENGTH__+0x7f8089>
    OCR1AL = 249;
     89c:	89 ef       	ldi	r24, 0xF9	; 249
     89e:	80 93 88 00 	sts	0x0088, r24	; 0x800088 <__TEXT_REGION_LENGTH__+0x7f8088>
    TCNT1H = 0;
     8a2:	10 92 85 00 	sts	0x0085, r1	; 0x800085 <__TEXT_REGION_LENGTH__+0x7f8085>
    TCNT1L = 0;
     8a6:	10 92 84 00 	sts	0x0084, r1	; 0x800084 <__TEXT_REGION_LENGTH__+0x7f8084>
    TIMSK1 |= (1 << OCIE1A);
     8aa:	ef e6       	ldi	r30, 0x6F	; 111
     8ac:	f0 e0       	ldi	r31, 0x00	; 0
     8ae:	80 81       	ld	r24, Z
     8b0:	82 60       	ori	r24, 0x02	; 2
     8b2:	80 83       	st	Z, r24
     8b4:	08 95       	ret

000008b6 <SonarStart>:
}

// Inicia una medicion. Llamar cuando IR0 dispara.
static void SonarStart(void){
    if(sonar_state != SONAR_IDLE) return;
     8b6:	80 91 e4 01 	lds	r24, 0x01E4	; 0x8001e4 <sonar_state>
     8ba:	81 11       	cpse	r24, r1
     8bc:	18 c0       	rjmp	.+48     	; 0x8ee <SonarStart+0x38>
    sonar_ready   = 0;
     8be:	10 92 dc 01 	sts	0x01DC, r1	; 0x8001dc <sonar_ready>
    sonar_err     = 0;
     8c2:	10 92 db 01 	sts	0x01DB, r1	; 0x8001db <sonar_err>
    sonar_trig_us = 0;
     8c6:	10 92 e3 01 	sts	0x01E3, r1	; 0x8001e3 <sonar_trig_us>
    sonar_wait_ms = 10;           // timeout 10ms para que ECHO suba
     8ca:	8a e0       	ldi	r24, 0x0A	; 10
     8cc:	90 e0       	ldi	r25, 0x00	; 0
     8ce:	90 93 e2 01 	sts	0x01E2, r25	; 0x8001e2 <sonar_wait_ms+0x1>
     8d2:	80 93 e1 01 	sts	0x01E1, r24	; 0x8001e1 <sonar_wait_ms>
    DDRB  |=  (1 << TRIG_PIN);
     8d6:	84 b1       	in	r24, 0x04	; 4
     8d8:	82 60       	ori	r24, 0x02	; 2
     8da:	84 b9       	out	0x04, r24	; 4
    PORTB |=  (1 << TRIG_PIN);   // TRIG HIGH
     8dc:	85 b1       	in	r24, 0x05	; 5
     8de:	82 60       	ori	r24, 0x02	; 2
     8e0:	85 b9       	out	0x05, r24	; 5
    TIFR2 |=  (1 << OCF2A);      // Limpiar flag Timer2
     8e2:	87 b3       	in	r24, 0x17	; 23
     8e4:	82 60       	ori	r24, 0x02	; 2
     8e6:	87 bb       	out	0x17, r24	; 23
    sonar_state = SONAR_TRIG;
     8e8:	81 e0       	ldi	r24, 0x01	; 1
     8ea:	80 93 e4 01 	sts	0x01E4, r24	; 0x8001e4 <sonar_state>
     8ee:	08 95       	ret

000008f0 <SonarUpdate>:
}

// Llamar en cada iteracion del while(1). No bloquea.
static void SonarUpdate(void){
     8f0:	cf 93       	push	r28
     8f2:	df 93       	push	r29
    switch(sonar_state){
     8f4:	80 91 e4 01 	lds	r24, 0x01E4	; 0x8001e4 <sonar_state>
     8f8:	82 30       	cpi	r24, 0x02	; 2
     8fa:	c9 f0       	breq	.+50     	; 0x92e <__stack+0x2f>
     8fc:	83 30       	cpi	r24, 0x03	; 3
     8fe:	61 f1       	breq	.+88     	; 0x958 <__stack+0x59>
     900:	81 30       	cpi	r24, 0x01	; 1
     902:	09 f0       	breq	.+2      	; 0x906 <__stack+0x7>
     904:	54 c0       	rjmp	.+168    	; 0x9ae <__stack+0xaf>
        case SONAR_DONE:
        case SONAR_ERR:
            break;

        case SONAR_TRIG:
            if(TIFR2 & (1 << OCF2A)){
     906:	b9 9b       	sbis	0x17, 1	; 23
     908:	52 c0       	rjmp	.+164    	; 0x9ae <__stack+0xaf>
                TIFR2 |= (1 << OCF2A);
     90a:	87 b3       	in	r24, 0x17	; 23
     90c:	82 60       	ori	r24, 0x02	; 2
     90e:	87 bb       	out	0x17, r24	; 23
                if(++sonar_trig_us >= 10){
     910:	80 91 e3 01 	lds	r24, 0x01E3	; 0x8001e3 <sonar_trig_us>
     914:	8f 5f       	subi	r24, 0xFF	; 255
     916:	80 93 e3 01 	sts	0x01E3, r24	; 0x8001e3 <sonar_trig_us>
     91a:	8a 30       	cpi	r24, 0x0A	; 10
     91c:	08 f4       	brcc	.+2      	; 0x920 <__stack+0x21>
     91e:	47 c0       	rjmp	.+142    	; 0x9ae <__stack+0xaf>
                    PORTB &= ~(1 << TRIG_PIN);   // TRIG LOW tras 10us
     920:	85 b1       	in	r24, 0x05	; 5
     922:	8d 7f       	andi	r24, 0xFD	; 253
     924:	85 b9       	out	0x05, r24	; 5
                    sonar_state = SONAR_WAIT_UP;
     926:	82 e0       	ldi	r24, 0x02	; 2
     928:	80 93 e4 01 	sts	0x01E4, r24	; 0x8001e4 <sonar_state>
     92c:	40 c0       	rjmp	.+128    	; 0x9ae <__stack+0xaf>
                }
            }
            break;

        case SONAR_WAIT_UP:
            if(sonar_wait_ms == 0){ sonar_err=1; sonar_state=SONAR_ERR; break; }
     92e:	80 91 e1 01 	lds	r24, 0x01E1	; 0x8001e1 <sonar_wait_ms>
     932:	90 91 e2 01 	lds	r25, 0x01E2	; 0x8001e2 <sonar_wait_ms+0x1>
     936:	89 2b       	or	r24, r25
     938:	39 f4       	brne	.+14     	; 0x948 <__stack+0x49>
     93a:	81 e0       	ldi	r24, 0x01	; 1
     93c:	80 93 db 01 	sts	0x01DB, r24	; 0x8001db <sonar_err>
     940:	85 e0       	ldi	r24, 0x05	; 5
     942:	80 93 e4 01 	sts	0x01E4, r24	; 0x8001e4 <sonar_state>
     946:	33 c0       	rjmp	.+102    	; 0x9ae <__stack+0xaf>
            if(PINB & (1 << ECHO_PIN)){
     948:	1a 9b       	sbis	0x03, 2	; 3
     94a:	31 c0       	rjmp	.+98     	; 0x9ae <__stack+0xaf>
                Timer1_BorrowStart();
     94c:	0e 94 38 04 	call	0x870	; 0x870 <Timer1_BorrowStart>
                sonar_state = SONAR_MEASURING;
     950:	83 e0       	ldi	r24, 0x03	; 3
     952:	80 93 e4 01 	sts	0x01E4, r24	; 0x8001e4 <sonar_state>
     956:	2b c0       	rjmp	.+86     	; 0x9ae <__stack+0xaf>
            }
            break;

        case SONAR_MEASURING:
            if(!(PINB & (1 << ECHO_PIN))){
     958:	1a 99       	sbic	0x03, 2	; 3
     95a:	1a c0       	rjmp	.+52     	; 0x990 <__stack+0x91>
                uint16_t ticks = TCNT1;
     95c:	c0 91 84 00 	lds	r28, 0x0084	; 0x800084 <__TEXT_REGION_LENGTH__+0x7f8084>
     960:	d0 91 85 00 	lds	r29, 0x0085	; 0x800085 <__TEXT_REGION_LENGTH__+0x7f8085>
                Timer1_Restore();
     964:	0e 94 47 04 	call	0x88e	; 0x88e <Timer1_Restore>
                sonar_echo_us = (uint32_t)ticks / 2;   // 0.5us/tick -> us
     968:	ce 01       	movw	r24, r28
     96a:	96 95       	lsr	r25
     96c:	87 95       	ror	r24
     96e:	a0 e0       	ldi	r26, 0x00	; 0
     970:	b0 e0       	ldi	r27, 0x00	; 0
     972:	80 93 dd 01 	sts	0x01DD, r24	; 0x8001dd <sonar_echo_us>
     976:	90 93 de 01 	sts	0x01DE, r25	; 0x8001de <sonar_echo_us+0x1>
     97a:	a0 93 df 01 	sts	0x01DF, r26	; 0x8001df <sonar_echo_us+0x2>
     97e:	b0 93 e0 01 	sts	0x01E0, r27	; 0x8001e0 <sonar_echo_us+0x3>
                sonar_ready   = 1;
     982:	81 e0       	ldi	r24, 0x01	; 1
     984:	80 93 dc 01 	sts	0x01DC, r24	; 0x8001dc <sonar_ready>
                sonar_state   = SONAR_DONE;
     988:	84 e0       	ldi	r24, 0x04	; 4
     98a:	80 93 e4 01 	sts	0x01E4, r24	; 0x8001e4 <sonar_state>
     98e:	0f c0       	rjmp	.+30     	; 0x9ae <__stack+0xaf>
            } else if(TCNT1 > 60000){    // ~30ms: sin eco
     990:	80 91 84 00 	lds	r24, 0x0084	; 0x800084 <__TEXT_REGION_LENGTH__+0x7f8084>
     994:	90 91 85 00 	lds	r25, 0x0085	; 0x800085 <__TEXT_REGION_LENGTH__+0x7f8085>
     998:	81 36       	cpi	r24, 0x61	; 97
     99a:	9a 4e       	sbci	r25, 0xEA	; 234
     99c:	40 f0       	brcs	.+16     	; 0x9ae <__stack+0xaf>
                Timer1_Restore();
     99e:	0e 94 47 04 	call	0x88e	; 0x88e <Timer1_Restore>
                sonar_err   = 1;
     9a2:	81 e0       	ldi	r24, 0x01	; 1
     9a4:	80 93 db 01 	sts	0x01DB, r24	; 0x8001db <sonar_err>
                sonar_state = SONAR_ERR;
     9a8:	85 e0       	ldi	r24, 0x05	; 5
     9aa:	80 93 e4 01 	sts	0x01E4, r24	; 0x8001e4 <sonar_state>
            }
            break;
    }
}
     9ae:	df 91       	pop	r29
     9b0:	cf 91       	pop	r28
     9b2:	08 95       	ret

000009b4 <MyTrigger>:

// --- Callbacks para el driver HCSR04 ---

// MyTrigger: la MEF ya envio el pulso; este callback es no-op.
static void MyTrigger(void *context){ (void)context; }
     9b4:	08 95       	ret

000009b6 <MyReadEcho>:

// MyReadEcho: devuelve el resultado pre-calculado por la MEF (no bloquea).
static uint8_t MyReadEcho(void *context, uint32_t *echo_us){
    (void)context;
    if(!sonar_ready) return 0;
     9b6:	80 91 dc 01 	lds	r24, 0x01DC	; 0x8001dc <sonar_ready>
     9ba:	88 23       	and	r24, r24
     9bc:	91 f0       	breq	.+36     	; 0x9e2 <MyReadEcho+0x2c>
    *echo_us    = sonar_echo_us;
     9be:	80 91 dd 01 	lds	r24, 0x01DD	; 0x8001dd <sonar_echo_us>
     9c2:	90 91 de 01 	lds	r25, 0x01DE	; 0x8001de <sonar_echo_us+0x1>
     9c6:	a0 91 df 01 	lds	r26, 0x01DF	; 0x8001df <sonar_echo_us+0x2>
     9ca:	b0 91 e0 01 	lds	r27, 0x01E0	; 0x8001e0 <sonar_echo_us+0x3>
     9ce:	fb 01       	movw	r30, r22
     9d0:	80 83       	st	Z, r24
     9d2:	91 83       	std	Z+1, r25	; 0x01
     9d4:	a2 83       	std	Z+2, r26	; 0x02
     9d6:	b3 83       	std	Z+3, r27	; 0x03
    sonar_ready = 0;
     9d8:	10 92 dc 01 	sts	0x01DC, r1	; 0x8001dc <sonar_ready>
    sonar_state = SONAR_IDLE;
     9dc:	10 92 e4 01 	sts	0x01E4, r1	; 0x8001e4 <sonar_state>
    return 1;
     9e0:	81 e0       	ldi	r24, 0x01	; 1
}
     9e2:	08 95       	ret

000009e4 <Heartbeat>:
// HEARTBEAT - PARPADEO LED BUILTIN (PB5 / pin 13)
// Se llama en el while(1). Cada vez que time100ms llega a 0 (100ms transcurridos)
// togglea el LED y reinicia el contador.
// ===========================================================================
static void Heartbeat(void){
    if(!time100ms){
     9e4:	80 91 06 01 	lds	r24, 0x0106	; 0x800106 <time100ms>
     9e8:	81 11       	cpse	r24, r1
     9ea:	07 c0       	rjmp	.+14     	; 0x9fa <Heartbeat+0x16>
        time100ms = 100;
     9ec:	84 e6       	ldi	r24, 0x64	; 100
     9ee:	80 93 06 01 	sts	0x0106, r24	; 0x800106 <time100ms>
        PORTB ^= (1 << LED_BUILTIN);
     9f2:	95 b1       	in	r25, 0x05	; 5
     9f4:	80 e2       	ldi	r24, 0x20	; 32
     9f6:	89 27       	eor	r24, r25
     9f8:	85 b9       	out	0x05, r24	; 5
     9fa:	08 95       	ret

000009fc <FirePusher>:
// HELPER: DISPARAR UN PATEADOR
// Mueve el servo a PUSH y arranca el timer de hold.
// Ignora la llamada si el servo ya esta activo.
// ===========================================================================
static void FirePusher(uint8_t pusher){
    if(servo_active[pusher]) return;
     9fc:	28 2f       	mov	r18, r24
     9fe:	30 e0       	ldi	r19, 0x00	; 0
     a00:	f9 01       	movw	r30, r18
     a02:	ed 5f       	subi	r30, 0xFD	; 253
     a04:	fd 4f       	sbci	r31, 0xFD	; 253
     a06:	90 81       	ld	r25, Z
     a08:	91 11       	cpse	r25, r1
     a0a:	11 c0       	rjmp	.+34     	; 0xa2e <FirePusher+0x32>
    servo_active[pusher] = 1;
     a0c:	f9 01       	movw	r30, r18
     a0e:	ed 5f       	subi	r30, 0xFD	; 253
     a10:	fd 4f       	sbci	r31, 0xFD	; 253
     a12:	91 e0       	ldi	r25, 0x01	; 1
     a14:	90 83       	st	Z, r25
    servo_hold[pusher]   = SERVO_HOLD_MS;
     a16:	22 0f       	add	r18, r18
     a18:	33 1f       	adc	r19, r19
     a1a:	f9 01       	movw	r30, r18
     a1c:	e3 50       	subi	r30, 0x03	; 3
     a1e:	fe 4f       	sbci	r31, 0xFE	; 254
     a20:	24 ef       	ldi	r18, 0xF4	; 244
     a22:	31 e0       	ldi	r19, 0x01	; 1
     a24:	31 83       	std	Z+1, r19	; 0x01
     a26:	20 83       	st	Z, r18
    SERVO_Set((_eServoID)pusher, SERVO_PUSH);
     a28:	61 e0       	ldi	r22, 0x01	; 1
     a2a:	0e 94 b8 08 	call	0x1170	; 0x1170 <SERVO_Set>
     a2e:	08 95       	ret

00000a30 <SendCounts>:

// ===========================================================================
// HELPER: ENVIAR CONTADORES A LA GUI
// Empaqueta los 4 contadores (2 bytes cada uno, big-endian) en trama UNER.
// ===========================================================================
static void SendCounts(void){
     a30:	cf 93       	push	r28
     a32:	df 93       	push	r29
     a34:	cd b7       	in	r28, 0x3d	; 61
     a36:	de b7       	in	r29, 0x3e	; 62
     a38:	28 97       	sbiw	r28, 0x08	; 8
     a3a:	0f b6       	in	r0, 0x3f	; 63
     a3c:	f8 94       	cli
     a3e:	de bf       	out	0x3e, r29	; 62
     a40:	0f be       	out	0x3f, r0	; 63
     a42:	cd bf       	out	0x3d, r28	; 61
    uint8_t p[8];
    p[0] = (uint8_t)(box_count[BOX_SMALL]  >> 8);
     a44:	e5 ef       	ldi	r30, 0xF5	; 245
     a46:	f1 e0       	ldi	r31, 0x01	; 1
     a48:	80 81       	ld	r24, Z
     a4a:	91 81       	ldd	r25, Z+1	; 0x01
     a4c:	99 83       	std	Y+1, r25	; 0x01
    p[1] = (uint8_t)(box_count[BOX_SMALL]  & 0xFF);
     a4e:	8a 83       	std	Y+2, r24	; 0x02
    p[2] = (uint8_t)(box_count[BOX_MEDIUM] >> 8);
     a50:	82 81       	ldd	r24, Z+2	; 0x02
     a52:	93 81       	ldd	r25, Z+3	; 0x03
     a54:	9b 83       	std	Y+3, r25	; 0x03
    p[3] = (uint8_t)(box_count[BOX_MEDIUM] & 0xFF);
     a56:	8c 83       	std	Y+4, r24	; 0x04
    p[4] = (uint8_t)(box_count[BOX_BIG]    >> 8);
     a58:	84 81       	ldd	r24, Z+4	; 0x04
     a5a:	95 81       	ldd	r25, Z+5	; 0x05
     a5c:	9d 83       	std	Y+5, r25	; 0x05
    p[5] = (uint8_t)(box_count[BOX_BIG]    & 0xFF);
     a5e:	8e 83       	std	Y+6, r24	; 0x06
    p[6] = (uint8_t)(box_count[BOX_NONE]   >> 8);
     a60:	86 81       	ldd	r24, Z+6	; 0x06
     a62:	97 81       	ldd	r25, Z+7	; 0x07
     a64:	9f 83       	std	Y+7, r25	; 0x07
    p[7] = (uint8_t)(box_count[BOX_NONE]   & 0xFF);
     a66:	88 87       	std	Y+8, r24	; 0x08
    COM_SendFrame(CMD_COUNTS, p, 8);
     a68:	48 e0       	ldi	r20, 0x08	; 8
     a6a:	be 01       	movw	r22, r28
     a6c:	6f 5f       	subi	r22, 0xFF	; 255
     a6e:	7f 4f       	sbci	r23, 0xFF	; 255
     a70:	85 ea       	ldi	r24, 0xA5	; 165
     a72:	0e 94 1a 01 	call	0x234	; 0x234 <COM_SendFrame>
}
     a76:	28 96       	adiw	r28, 0x08	; 8
     a78:	0f b6       	in	r0, 0x3f	; 63
     a7a:	f8 94       	cli
     a7c:	de bf       	out	0x3e, r29	; 62
     a7e:	0f be       	out	0x3f, r0	; 63
     a80:	cd bf       	out	0x3d, r28	; 61
     a82:	df 91       	pop	r29
     a84:	cf 91       	pop	r28
     a86:	08 95       	ret

00000a88 <ProcessCmd>:

// ===========================================================================
// HELPER: PROCESAR COMANDO UART RECIBIDO
// Llamado por el parser cuando se recibe una trama valida con checksum OK.
// ===========================================================================
static void ProcessCmd(uint8_t cmd, uint8_t *payload){
     a88:	1f 93       	push	r17
     a8a:	cf 93       	push	r28
     a8c:	df 93       	push	r29
     a8e:	00 d0       	rcall	.+0      	; 0xa90 <ProcessCmd+0x8>
     a90:	1f 92       	push	r1
     a92:	cd b7       	in	r28, 0x3d	; 61
     a94:	de b7       	in	r29, 0x3e	; 62
     a96:	9b 01       	movw	r18, r22
    uint8_t busy = servo_active[0] || servo_active[1] || servo_active[2];
     a98:	90 91 03 02 	lds	r25, 0x0203	; 0x800203 <servo_active>
     a9c:	91 11       	cpse	r25, r1
     a9e:	0a c0       	rjmp	.+20     	; 0xab4 <ProcessCmd+0x2c>
     aa0:	90 91 04 02 	lds	r25, 0x0204	; 0x800204 <servo_active+0x1>
     aa4:	91 11       	cpse	r25, r1
     aa6:	08 c0       	rjmp	.+16     	; 0xab8 <ProcessCmd+0x30>
     aa8:	90 91 05 02 	lds	r25, 0x0205	; 0x800205 <servo_active+0x2>
     aac:	99 23       	and	r25, r25
     aae:	31 f0       	breq	.+12     	; 0xabc <ProcessCmd+0x34>
     ab0:	91 e0       	ldi	r25, 0x01	; 1
     ab2:	05 c0       	rjmp	.+10     	; 0xabe <ProcessCmd+0x36>
     ab4:	91 e0       	ldi	r25, 0x01	; 1
     ab6:	03 c0       	rjmp	.+6      	; 0xabe <ProcessCmd+0x36>
     ab8:	91 e0       	ldi	r25, 0x01	; 1
     aba:	01 c0       	rjmp	.+2      	; 0xabe <ProcessCmd+0x36>
     abc:	90 e0       	ldi	r25, 0x00	; 0
    uint8_t ack[2];

    switch(cmd){
     abe:	48 2f       	mov	r20, r24
     ac0:	50 e0       	ldi	r21, 0x00	; 0
     ac2:	fa 01       	movw	r30, r20
     ac4:	e0 5b       	subi	r30, 0xB0	; 176
     ac6:	f1 09       	sbc	r31, r1
     ac8:	ea 30       	cpi	r30, 0x0A	; 10
     aca:	f1 05       	cpc	r31, r1
     acc:	08 f0       	brcs	.+2      	; 0xad0 <ProcessCmd+0x48>
     ace:	db c0       	rjmp	.+438    	; 0xc86 <ProcessCmd+0x1fe>
     ad0:	d9 01       	movw	r26, r18
     ad2:	18 2f       	mov	r17, r24
     ad4:	e3 5c       	subi	r30, 0xC3	; 195
     ad6:	ff 4f       	sbci	r31, 0xFF	; 255
     ad8:	0c 94 25 09 	jmp	0x124a	; 0x124a <__tablejump2__>

        case CMD_GET_STATE:{
            // Responder con el estado actual del sistema (0=OK por ahora)
            uint8_t st = 0;
     adc:	1b 82       	std	Y+3, r1	; 0x03
            COM_SendFrame(CMD_STATE, &st, 1);
     ade:	41 e0       	ldi	r20, 0x01	; 1
     ae0:	be 01       	movw	r22, r28
     ae2:	6d 5f       	subi	r22, 0xFD	; 253
     ae4:	7f 4f       	sbci	r23, 0xFF	; 255
     ae6:	84 ea       	ldi	r24, 0xA4	; 164
     ae8:	0e 94 1a 01 	call	0x234	; 0x234 <COM_SendFrame>
     aec:	cc c0       	rjmp	.+408    	; 0xc86 <ProcessCmd+0x1fe>
            break;
        }

        case CMD_GET_COUNTS:
            // Enviar contadores de cajas clasificadas
            SendCounts();
     aee:	0e 94 18 05 	call	0xa30	; 0xa30 <SendCounts>
            break;
     af2:	c9 c0       	rjmp	.+402    	; 0xc86 <ProcessCmd+0x1fe>

        case CMD_SET_MODE:
            // Cambiar entre modo Normal y modo Estimado
            if(busy){ ack[0]=cmd; ack[1]=ACK_BUSY; COM_SendFrame(CMD_ACK,ack,2); break; }
     af4:	99 23       	and	r25, r25
     af6:	59 f0       	breq	.+22     	; 0xb0e <ProcessCmd+0x86>
     af8:	89 83       	std	Y+1, r24	; 0x01
     afa:	81 e0       	ldi	r24, 0x01	; 1
     afc:	8a 83       	std	Y+2, r24	; 0x02
     afe:	42 e0       	ldi	r20, 0x02	; 2
     b00:	be 01       	movw	r22, r28
     b02:	6f 5f       	subi	r22, 0xFF	; 255
     b04:	7f 4f       	sbci	r23, 0xFF	; 255
     b06:	86 ea       	ldi	r24, 0xA6	; 166
     b08:	0e 94 1a 01 	call	0x234	; 0x234 <COM_SendFrame>
     b0c:	bc c0       	rjmp	.+376    	; 0xc86 <ProcessCmd+0x1fe>
            conv_mode = payload[0];
     b0e:	8c 91       	ld	r24, X
     b10:	80 93 06 02 	sts	0x0206, r24	; 0x800206 <conv_mode>
            ack[0]=cmd; ack[1]=ACK_OK;
     b14:	49 83       	std	Y+1, r20	; 0x01
     b16:	1a 82       	std	Y+2, r1	; 0x02
            COM_SendFrame(CMD_ACK, ack, 2);
     b18:	42 e0       	ldi	r20, 0x02	; 2
     b1a:	be 01       	movw	r22, r28
     b1c:	6f 5f       	subi	r22, 0xFF	; 255
     b1e:	7f 4f       	sbci	r23, 0xFF	; 255
     b20:	86 ea       	ldi	r24, 0xA6	; 166
     b22:	0e 94 1a 01 	call	0x234	; 0x234 <COM_SendFrame>
            break;
     b26:	af c0       	rjmp	.+350    	; 0xc86 <ProcessCmd+0x1fe>

        case CMD_SET_THRESH:{
            // Configurar umbrales de altura para cada tipo de caja (en cm)
            if(busy){ ack[0]=cmd; ack[1]=ACK_BUSY; COM_SendFrame(CMD_ACK,ack,2); break; }
     b28:	99 23       	and	r25, r25
     b2a:	59 f0       	breq	.+22     	; 0xb42 <ProcessCmd+0xba>
     b2c:	89 83       	std	Y+1, r24	; 0x01
     b2e:	81 e0       	ldi	r24, 0x01	; 1
     b30:	8a 83       	std	Y+2, r24	; 0x02
     b32:	42 e0       	ldi	r20, 0x02	; 2
     b34:	be 01       	movw	r22, r28
     b36:	6f 5f       	subi	r22, 0xFF	; 255
     b38:	7f 4f       	sbci	r23, 0xFF	; 255
     b3a:	86 ea       	ldi	r24, 0xA6	; 166
     b3c:	0e 94 1a 01 	call	0x234	; 0x234 <COM_SendFrame>
     b40:	a2 c0       	rjmp	.+324    	; 0xc86 <ProcessCmd+0x1fe>
            _sClassifierConfig cfg;
            cfg.h_small  = payload[0];
     b42:	6c 91       	ld	r22, X
            cfg.h_medium = payload[1];
     b44:	11 96       	adiw	r26, 0x01	; 1
     b46:	7c 91       	ld	r23, X
     b48:	11 97       	sbiw	r26, 0x01	; 1
            cfg.h_big    = payload[2];
            cfg.ref_dist = 20;
            CLASSIFIER_SetConfig(cfg);
     b4a:	12 96       	adiw	r26, 0x02	; 2
     b4c:	8c 91       	ld	r24, X
     b4e:	94 e1       	ldi	r25, 0x14	; 20
     b50:	0e 94 71 00 	call	0xe2	; 0xe2 <CLASSIFIER_SetConfig>
            ack[0]=cmd; ack[1]=ACK_OK;
     b54:	19 83       	std	Y+1, r17	; 0x01
     b56:	1a 82       	std	Y+2, r1	; 0x02
            COM_SendFrame(CMD_ACK, ack, 2);
     b58:	42 e0       	ldi	r20, 0x02	; 2
     b5a:	be 01       	movw	r22, r28
     b5c:	6f 5f       	subi	r22, 0xFF	; 255
     b5e:	7f 4f       	sbci	r23, 0xFF	; 255
     b60:	86 ea       	ldi	r24, 0xA6	; 166
     b62:	0e 94 1a 01 	call	0x234	; 0x234 <COM_SendFrame>
            break;
     b66:	8f c0       	rjmp	.+286    	; 0xc86 <ProcessCmd+0x1fe>
        }

        case CMD_SET_CALIB:{
            // Calibrar distancia de referencia (medicion sin caja)
            if(busy){ ack[0]=cmd; ack[1]=ACK_BUSY; COM_SendFrame(CMD_ACK,ack,2); break; }
     b68:	99 23       	and	r25, r25
     b6a:	59 f0       	breq	.+22     	; 0xb82 <ProcessCmd+0xfa>
     b6c:	89 83       	std	Y+1, r24	; 0x01
     b6e:	81 e0       	ldi	r24, 0x01	; 1
     b70:	8a 83       	std	Y+2, r24	; 0x02
     b72:	42 e0       	ldi	r20, 0x02	; 2
     b74:	be 01       	movw	r22, r28
     b76:	6f 5f       	subi	r22, 0xFF	; 255
     b78:	7f 4f       	sbci	r23, 0xFF	; 255
     b7a:	86 ea       	ldi	r24, 0xA6	; 166
     b7c:	0e 94 1a 01 	call	0x234	; 0x234 <COM_SendFrame>
     b80:	82 c0       	rjmp	.+260    	; 0xc86 <ProcessCmd+0x1fe>
            _sClassifierConfig cfg;
            cfg.ref_dist = payload[0];
            cfg.h_small  = 6;
            cfg.h_medium = 8;
            cfg.h_big    = 10;
            CLASSIFIER_SetConfig(cfg);
     b82:	66 e0       	ldi	r22, 0x06	; 6
     b84:	78 e0       	ldi	r23, 0x08	; 8
     b86:	8a e0       	ldi	r24, 0x0A	; 10
     b88:	9c 91       	ld	r25, X
     b8a:	0e 94 71 00 	call	0xe2	; 0xe2 <CLASSIFIER_SetConfig>
            ack[0]=cmd; ack[1]=ACK_OK;
     b8e:	19 83       	std	Y+1, r17	; 0x01
     b90:	1a 82       	std	Y+2, r1	; 0x02
            COM_SendFrame(CMD_ACK, ack, 2);
     b92:	42 e0       	ldi	r20, 0x02	; 2
     b94:	be 01       	movw	r22, r28
     b96:	6f 5f       	subi	r22, 0xFF	; 255
     b98:	7f 4f       	sbci	r23, 0xFF	; 255
     b9a:	86 ea       	ldi	r24, 0xA6	; 166
     b9c:	0e 94 1a 01 	call	0x234	; 0x234 <COM_SendFrame>
            break;
     ba0:	72 c0       	rjmp	.+228    	; 0xc86 <ProcessCmd+0x1fe>
        }

        case CMD_RESET_COUNTS:
            // Reiniciar todos los contadores a cero
            box_count[0]=0; box_count[1]=0;
     ba2:	e5 ef       	ldi	r30, 0xF5	; 245
     ba4:	f1 e0       	ldi	r31, 0x01	; 1
     ba6:	11 82       	std	Z+1, r1	; 0x01
     ba8:	10 82       	st	Z, r1
     baa:	13 82       	std	Z+3, r1	; 0x03
     bac:	12 82       	std	Z+2, r1	; 0x02
            box_count[2]=0; box_count[3]=0;
     bae:	15 82       	std	Z+5, r1	; 0x05
     bb0:	14 82       	std	Z+4, r1	; 0x04
     bb2:	17 82       	std	Z+7, r1	; 0x07
     bb4:	16 82       	std	Z+6, r1	; 0x06
            ack[0]=cmd; ack[1]=ACK_OK;
     bb6:	89 83       	std	Y+1, r24	; 0x01
     bb8:	1a 82       	std	Y+2, r1	; 0x02
            COM_SendFrame(CMD_ACK, ack, 2);
     bba:	42 e0       	ldi	r20, 0x02	; 2
     bbc:	be 01       	movw	r22, r28
     bbe:	6f 5f       	subi	r22, 0xFF	; 255
     bc0:	7f 4f       	sbci	r23, 0xFF	; 255
     bc2:	86 ea       	ldi	r24, 0xA6	; 166
     bc4:	0e 94 1a 01 	call	0x234	; 0x234 <COM_SendFrame>
            break;
     bc8:	5e c0       	rjmp	.+188    	; 0xc86 <ProcessCmd+0x1fe>

        case CMD_SET_SPEED:{
            // Configurar delay (ms) de IR0 a cada pateador para el modo estimado.
            // Payload: 6 bytes, 2 por pateador, big-endian.
            if(busy){ ack[0]=cmd; ack[1]=ACK_BUSY; COM_SendFrame(CMD_ACK,ack,2); break; }
     bca:	99 23       	and	r25, r25
     bcc:	59 f0       	breq	.+22     	; 0xbe4 <ProcessCmd+0x15c>
     bce:	89 83       	std	Y+1, r24	; 0x01
     bd0:	81 e0       	ldi	r24, 0x01	; 1
     bd2:	8a 83       	std	Y+2, r24	; 0x02
     bd4:	42 e0       	ldi	r20, 0x02	; 2
     bd6:	be 01       	movw	r22, r28
     bd8:	6f 5f       	subi	r22, 0xFF	; 255
     bda:	7f 4f       	sbci	r23, 0xFF	; 255
     bdc:	86 ea       	ldi	r24, 0xA6	; 166
     bde:	0e 94 1a 01 	call	0x234	; 0x234 <COM_SendFrame>
     be2:	51 c0       	rjmp	.+162    	; 0xc86 <ProcessCmd+0x1fe>
            est_delay[0] = ((uint16_t)payload[0] << 8) | payload[1];
     be4:	8c 91       	ld	r24, X
     be6:	90 e0       	ldi	r25, 0x00	; 0
     be8:	98 2f       	mov	r25, r24
     bea:	88 27       	eor	r24, r24
     bec:	11 96       	adiw	r26, 0x01	; 1
     bee:	2c 91       	ld	r18, X
     bf0:	11 97       	sbiw	r26, 0x01	; 1
     bf2:	82 2b       	or	r24, r18
     bf4:	e0 e0       	ldi	r30, 0x00	; 0
     bf6:	f1 e0       	ldi	r31, 0x01	; 1
     bf8:	91 83       	std	Z+1, r25	; 0x01
     bfa:	80 83       	st	Z, r24
            est_delay[1] = ((uint16_t)payload[2] << 8) | payload[3];
     bfc:	12 96       	adiw	r26, 0x02	; 2
     bfe:	8c 91       	ld	r24, X
     c00:	12 97       	sbiw	r26, 0x02	; 2
     c02:	90 e0       	ldi	r25, 0x00	; 0
     c04:	98 2f       	mov	r25, r24
     c06:	88 27       	eor	r24, r24
     c08:	13 96       	adiw	r26, 0x03	; 3
     c0a:	2c 91       	ld	r18, X
     c0c:	13 97       	sbiw	r26, 0x03	; 3
     c0e:	82 2b       	or	r24, r18
     c10:	93 83       	std	Z+3, r25	; 0x03
     c12:	82 83       	std	Z+2, r24	; 0x02
            est_delay[2] = ((uint16_t)payload[4] << 8) | payload[5];
     c14:	14 96       	adiw	r26, 0x04	; 4
     c16:	8c 91       	ld	r24, X
     c18:	14 97       	sbiw	r26, 0x04	; 4
     c1a:	90 e0       	ldi	r25, 0x00	; 0
     c1c:	98 2f       	mov	r25, r24
     c1e:	88 27       	eor	r24, r24
     c20:	15 96       	adiw	r26, 0x05	; 5
     c22:	2c 91       	ld	r18, X
     c24:	82 2b       	or	r24, r18
     c26:	95 83       	std	Z+5, r25	; 0x05
     c28:	84 83       	std	Z+4, r24	; 0x04
            ack[0]=cmd; ack[1]=ACK_OK;
     c2a:	49 83       	std	Y+1, r20	; 0x01
     c2c:	1a 82       	std	Y+2, r1	; 0x02
            COM_SendFrame(CMD_ACK, ack, 2);
     c2e:	42 e0       	ldi	r20, 0x02	; 2
     c30:	be 01       	movw	r22, r28
     c32:	6f 5f       	subi	r22, 0xFF	; 255
     c34:	7f 4f       	sbci	r23, 0xFF	; 255
     c36:	86 ea       	ldi	r24, 0xA6	; 166
     c38:	0e 94 1a 01 	call	0x234	; 0x234 <COM_SendFrame>
            break;
     c3c:	24 c0       	rjmp	.+72     	; 0xc86 <ProcessCmd+0x1fe>
        }

        case CMD_SET_SERVO:
            // Configurar posiciones home y push de un servo. Payload: servo_id, home_ms, push_ms
            SERVO_SetConfig((_eServoID)payload[0], payload[1], payload[2]);
     c3e:	12 96       	adiw	r26, 0x02	; 2
     c40:	4c 91       	ld	r20, X
     c42:	12 97       	sbiw	r26, 0x02	; 2
     c44:	11 96       	adiw	r26, 0x01	; 1
     c46:	6c 91       	ld	r22, X
     c48:	11 97       	sbiw	r26, 0x01	; 1
     c4a:	8c 91       	ld	r24, X
     c4c:	0e 94 be 08 	call	0x117c	; 0x117c <SERVO_SetConfig>
            ack[0]=cmd; ack[1]=ACK_OK;
     c50:	19 83       	std	Y+1, r17	; 0x01
     c52:	1a 82       	std	Y+2, r1	; 0x02
            COM_SendFrame(CMD_ACK, ack, 2);
     c54:	42 e0       	ldi	r20, 0x02	; 2
     c56:	be 01       	movw	r22, r28
     c58:	6f 5f       	subi	r22, 0xFF	; 255
     c5a:	7f 4f       	sbci	r23, 0xFF	; 255
     c5c:	86 ea       	ldi	r24, 0xA6	; 166
     c5e:	0e 94 1a 01 	call	0x234	; 0x234 <COM_SendFrame>
            break;
     c62:	11 c0       	rjmp	.+34     	; 0xc86 <ProcessCmd+0x1fe>

        case CMD_SET_CONVEYOR:
            // Arrancar o detener la cinta. Payload: 0=stop, 1=start
            if(payload[0]) CONVEYOR_Start(); else CONVEYOR_Stop();
     c64:	8c 91       	ld	r24, X
     c66:	88 23       	and	r24, r24
     c68:	19 f0       	breq	.+6      	; 0xc70 <ProcessCmd+0x1e8>
     c6a:	0e 94 07 02 	call	0x40e	; 0x40e <CONVEYOR_Start>
     c6e:	02 c0       	rjmp	.+4      	; 0xc74 <ProcessCmd+0x1ec>
     c70:	0e 94 0e 02 	call	0x41c	; 0x41c <CONVEYOR_Stop>
            ack[0]=cmd; ack[1]=ACK_OK;
     c74:	19 83       	std	Y+1, r17	; 0x01
     c76:	1a 82       	std	Y+2, r1	; 0x02
            COM_SendFrame(CMD_ACK, ack, 2);
     c78:	42 e0       	ldi	r20, 0x02	; 2
     c7a:	be 01       	movw	r22, r28
     c7c:	6f 5f       	subi	r22, 0xFF	; 255
     c7e:	7f 4f       	sbci	r23, 0xFF	; 255
     c80:	86 ea       	ldi	r24, 0xA6	; 166
     c82:	0e 94 1a 01 	call	0x234	; 0x234 <COM_SendFrame>
            break;

        default: break;
    }
}
     c86:	0f 90       	pop	r0
     c88:	0f 90       	pop	r0
     c8a:	0f 90       	pop	r0
     c8c:	df 91       	pop	r29
     c8e:	cf 91       	pop	r28
     c90:	1f 91       	pop	r17
     c92:	08 95       	ret

00000c94 <__vector_14>:
// ===========================================================================
// ISR TIMER0 COMPARE A - TICK DE 1ms
// Setea el bit 0 de GPIOR0 como flag. El main lo lee y lo limpia en cada ciclo.
// GPIOR0 es un registro de proposito general del ATmega, de acceso atomico.
// ===========================================================================
ISR(TIMER0_COMPA_vect){
     c94:	1f 92       	push	r1
     c96:	0f 92       	push	r0
     c98:	0f b6       	in	r0, 0x3f	; 63
     c9a:	0f 92       	push	r0
     c9c:	11 24       	eor	r1, r1
     c9e:	8f 93       	push	r24
     ca0:	9f 93       	push	r25
     ca2:	af 93       	push	r26
     ca4:	bf 93       	push	r27
    GPIOR0 |= (1 << 0);
     ca6:	8e b3       	in	r24, 0x1e	; 30
     ca8:	81 60       	ori	r24, 0x01	; 1
     caa:	8e bb       	out	0x1e, r24	; 30
    ms_counter++;
     cac:	80 91 e9 01 	lds	r24, 0x01E9	; 0x8001e9 <ms_counter>
     cb0:	90 91 ea 01 	lds	r25, 0x01EA	; 0x8001ea <ms_counter+0x1>
     cb4:	a0 91 eb 01 	lds	r26, 0x01EB	; 0x8001eb <ms_counter+0x2>
     cb8:	b0 91 ec 01 	lds	r27, 0x01EC	; 0x8001ec <ms_counter+0x3>
     cbc:	01 96       	adiw	r24, 0x01	; 1
     cbe:	a1 1d       	adc	r26, r1
     cc0:	b1 1d       	adc	r27, r1
     cc2:	80 93 e9 01 	sts	0x01E9, r24	; 0x8001e9 <ms_counter>
     cc6:	90 93 ea 01 	sts	0x01EA, r25	; 0x8001ea <ms_counter+0x1>
     cca:	a0 93 eb 01 	sts	0x01EB, r26	; 0x8001eb <ms_counter+0x2>
     cce:	b0 93 ec 01 	sts	0x01EC, r27	; 0x8001ec <ms_counter+0x3>
}
     cd2:	bf 91       	pop	r27
     cd4:	af 91       	pop	r26
     cd6:	9f 91       	pop	r25
     cd8:	8f 91       	pop	r24
     cda:	0f 90       	pop	r0
     cdc:	0f be       	out	0x3f, r0	; 63
     cde:	0f 90       	pop	r0
     ce0:	1f 90       	pop	r1
     ce2:	18 95       	reti

00000ce4 <main>:

// ===========================================================================
// MAIN
// ===========================================================================
int main(void){
     ce4:	cf 93       	push	r28
     ce6:	df 93       	push	r29
     ce8:	cd b7       	in	r28, 0x3d	; 61
     cea:	de b7       	in	r29, 0x3e	; 62
     cec:	2a 97       	sbiw	r28, 0x0a	; 10
     cee:	0f b6       	in	r0, 0x3f	; 63
     cf0:	f8 94       	cli
     cf2:	de bf       	out	0x3e, r29	; 62
     cf4:	0f be       	out	0x3f, r0	; 63
     cf6:	cd bf       	out	0x3d, r28	; 61

    // --- Inicializacion de modulos ---
    CLASSIFIER_Init();      // Umbrales de clasificacion por defecto
     cf8:	0e 94 66 00 	call	0xcc	; 0xcc <CLASSIFIER_Init>
    COM_Init();             // UART 115200 8N1 + buffer RX circular
     cfc:	0e 94 d7 00 	call	0x1ae	; 0x1ae <COM_Init>
    CONVEYOR_Init();        // PC0 como salida, motor apagado
     d00:	0e 94 fe 01 	call	0x3fc	; 0x3fc <CONVEYOR_Init>
    IR_Init();              // Pines IR como entradas, estados iniciales en 1
     d04:	0e 94 df 02 	call	0x5be	; 0x5be <IR_Init>
    IRTARGET_Init();        // Colas FIFO y acumuladores en 0
     d08:	0e 94 98 03 	call	0x730	; 0x730 <IRTARGET_Init>
    SERVO_Init();           // Pines servo como salidas, todos en HOME (1ms)
     d0c:	0e 94 9a 08 	call	0x1134	; 0x1134 <SERVO_Init>
    ini_TIMER0();           // CTC 1ms -> ISR tick base del sistema
     d10:	0e 94 c7 08 	call	0x118e	; 0x118e <ini_TIMER0>
    ini_TIMER1();           // CTC 1ms -> ISR PWM de los 3 servos
     d14:	0e 94 d8 08 	call	0x11b0	; 0x11b0 <ini_TIMER1>
    ini_TIMER2();           // CTC 1us -> sin ISR, polling por OCF2A
     d18:	0e 94 f1 08 	call	0x11e2	; 0x11e2 <ini_TIMER2>
    HCSR04_Init(&sensor, MyTrigger, MyReadEcho, 0);
     d1c:	20 e0       	ldi	r18, 0x00	; 0
     d1e:	30 e0       	ldi	r19, 0x00	; 0
     d20:	4b ed       	ldi	r20, 0xDB	; 219
     d22:	54 e0       	ldi	r21, 0x04	; 4
     d24:	6a ed       	ldi	r22, 0xDA	; 218
     d26:	74 e0       	ldi	r23, 0x04	; 4
     d28:	87 e0       	ldi	r24, 0x07	; 7
     d2a:	92 e0       	ldi	r25, 0x02	; 2
     d2c:	0e 94 3f 02 	call	0x47e	; 0x47e <HCSR04_Init>

    DDRB |= (1 << LED_BUILTIN);   // Pin 13 como salida para heartbeat
     d30:	84 b1       	in	r24, 0x04	; 4
     d32:	80 62       	ori	r24, 0x20	; 32
     d34:	84 b9       	out	0x04, r24	; 4

    CONVEYOR_Start();       // Arrancar la cinta al inicio
     d36:	0e 94 07 02 	call	0x40e	; 0x40e <CONVEYOR_Start>
    sei();                  // Habilitar interrupciones globales
     d3a:	78 94       	sei

    while(1){

        Heartbeat();
     d3c:	0e 94 f2 04 	call	0x9e4	; 0x9e4 <Heartbeat>
        // =================================================================
        // BLOQUE DE 1ms
        // Ejecutado una vez por cada tick del Timer0.
        // Contiene todo lo que debe actualizarse con base de tiempo fija.
        // =================================================================
        if(GPIOR0 & (1 << 0)){
     d40:	f0 9b       	sbis	0x1e, 0	; 30
     d42:	95 c0       	rjmp	.+298    	; 0xe6e <main+0x18a>
            GPIOR0 &= ~(1 << 0);   // Limpiar flag de tick
     d44:	8e b3       	in	r24, 0x1e	; 30
     d46:	8e 7f       	andi	r24, 0xFE	; 254
     d48:	8e bb       	out	0x1e, r24	; 30

            IR_Update();            // Leer sensores IR y actualizar debounce
     d4a:	0e 94 04 03 	call	0x608	; 0x608 <IR_Update>

            // --- Hold de servos: cuenta regresiva y retorno a HOME ---
            uint8_t i;
            for(i = 0; i < 3; i++){
     d4e:	10 e0       	ldi	r17, 0x00	; 0
     d50:	38 c0       	rjmp	.+112    	; 0xdc2 <main+0xde>
                if(servo_active[i] && servo_hold[i] > 0){
     d52:	e1 2e       	mov	r14, r17
     d54:	f1 2c       	mov	r15, r1
     d56:	f7 01       	movw	r30, r14
     d58:	ed 5f       	subi	r30, 0xFD	; 253
     d5a:	fd 4f       	sbci	r31, 0xFD	; 253
     d5c:	80 81       	ld	r24, Z
     d5e:	88 23       	and	r24, r24
     d60:	79 f1       	breq	.+94     	; 0xdc0 <main+0xdc>
     d62:	f7 01       	movw	r30, r14
     d64:	ee 0f       	add	r30, r30
     d66:	ff 1f       	adc	r31, r31
     d68:	e3 50       	subi	r30, 0x03	; 3
     d6a:	fe 4f       	sbci	r31, 0xFE	; 254
     d6c:	80 81       	ld	r24, Z
     d6e:	91 81       	ldd	r25, Z+1	; 0x01
     d70:	00 97       	sbiw	r24, 0x00	; 0
     d72:	31 f1       	breq	.+76     	; 0xdc0 <main+0xdc>
                    servo_hold[i]--;
     d74:	01 97       	sbiw	r24, 0x01	; 1
     d76:	f7 01       	movw	r30, r14
     d78:	ee 0f       	add	r30, r30
     d7a:	ff 1f       	adc	r31, r31
     d7c:	e3 50       	subi	r30, 0x03	; 3
     d7e:	fe 4f       	sbci	r31, 0xFE	; 254
     d80:	91 83       	std	Z+1, r25	; 0x01
     d82:	80 83       	st	Z, r24
                    if(servo_hold[i] == 0){
     d84:	89 2b       	or	r24, r25
     d86:	e1 f4       	brne	.+56     	; 0xdc0 <main+0xdc>
                        SERVO_Set((_eServoID)i, SERVO_HOME);
     d88:	60 e0       	ldi	r22, 0x00	; 0
     d8a:	81 2f       	mov	r24, r17
     d8c:	0e 94 b8 08 	call	0x1170	; 0x1170 <SERVO_Set>
                        servo_active[i] = 0;
     d90:	f7 01       	movw	r30, r14
     d92:	ed 5f       	subi	r30, 0xFD	; 253
     d94:	fd 4f       	sbci	r31, 0xFD	; 253
     d96:	10 82       	st	Z, r1
                        box_count[i]++;             // i=0->SMALL, 1->MEDIUM, 2->BIG
     d98:	f7 01       	movw	r30, r14
     d9a:	ee 0f       	add	r30, r30
     d9c:	ff 1f       	adc	r31, r31
     d9e:	eb 50       	subi	r30, 0x0B	; 11
     da0:	fe 4f       	sbci	r31, 0xFE	; 254
     da2:	80 81       	ld	r24, Z
     da4:	91 81       	ldd	r25, Z+1	; 0x01
     da6:	01 96       	adiw	r24, 0x01	; 1
     da8:	91 83       	std	Z+1, r25	; 0x01
     daa:	80 83       	st	Z, r24
                        uint8_t p = i + 1;          // Numero de pateador (1-3) para la GUI
     dac:	81 e0       	ldi	r24, 0x01	; 1
     dae:	81 0f       	add	r24, r17
     db0:	89 83       	std	Y+1, r24	; 0x01
                        COM_SendFrame(CMD_BOX_EJECTED, &p, 1);
     db2:	41 e0       	ldi	r20, 0x01	; 1
     db4:	be 01       	movw	r22, r28
     db6:	6f 5f       	subi	r22, 0xFF	; 255
     db8:	7f 4f       	sbci	r23, 0xFF	; 255
     dba:	83 ea       	ldi	r24, 0xA3	; 163
     dbc:	0e 94 1a 01 	call	0x234	; 0x234 <COM_SendFrame>

            IR_Update();            // Leer sensores IR y actualizar debounce

            // --- Hold de servos: cuenta regresiva y retorno a HOME ---
            uint8_t i;
            for(i = 0; i < 3; i++){
     dc0:	1f 5f       	subi	r17, 0xFF	; 255
     dc2:	13 30       	cpi	r17, 0x03	; 3
     dc4:	30 f2       	brcs	.-116    	; 0xd52 <main+0x6e>
                }
            }

            // --- Modo estimado: countdown por pateador ---
            // Cuando el timer llega a 0, dispara el pateador correspondiente.
            if(conv_mode == MODE_ESTIMATED){
     dc6:	80 91 06 02 	lds	r24, 0x0206	; 0x800206 <conv_mode>
     dca:	81 30       	cpi	r24, 0x01	; 1
     dcc:	01 f5       	brne	.+64     	; 0xe0e <main+0x12a>
     dce:	1c c0       	rjmp	.+56     	; 0xe08 <main+0x124>
                for(i = 0; i < 3; i++){
                    if(est_timer[i] > 0){
     dd0:	81 2f       	mov	r24, r17
     dd2:	90 e0       	ldi	r25, 0x00	; 0
     dd4:	fc 01       	movw	r30, r24
     dd6:	ee 0f       	add	r30, r30
     dd8:	ff 1f       	adc	r31, r31
     dda:	e3 51       	subi	r30, 0x13	; 19
     ddc:	fe 4f       	sbci	r31, 0xFE	; 254
     dde:	20 81       	ld	r18, Z
     de0:	31 81       	ldd	r19, Z+1	; 0x01
     de2:	21 15       	cp	r18, r1
     de4:	31 05       	cpc	r19, r1
     de6:	71 f0       	breq	.+28     	; 0xe04 <main+0x120>
                        est_timer[i]--;
     de8:	21 50       	subi	r18, 0x01	; 1
     dea:	31 09       	sbc	r19, r1
     dec:	88 0f       	add	r24, r24
     dee:	99 1f       	adc	r25, r25
     df0:	fc 01       	movw	r30, r24
     df2:	e3 51       	subi	r30, 0x13	; 19
     df4:	fe 4f       	sbci	r31, 0xFE	; 254
     df6:	31 83       	std	Z+1, r19	; 0x01
     df8:	20 83       	st	Z, r18
                        if(est_timer[i] == 0) FirePusher(i);
     dfa:	23 2b       	or	r18, r19
     dfc:	19 f4       	brne	.+6      	; 0xe04 <main+0x120>
     dfe:	81 2f       	mov	r24, r17
     e00:	0e 94 fe 04 	call	0x9fc	; 0x9fc <FirePusher>
            }

            // --- Modo estimado: countdown por pateador ---
            // Cuando el timer llega a 0, dispara el pateador correspondiente.
            if(conv_mode == MODE_ESTIMATED){
                for(i = 0; i < 3; i++){
     e04:	1f 5f       	subi	r17, 0xFF	; 255
     e06:	01 c0       	rjmp	.+2      	; 0xe0a <main+0x126>
     e08:	10 e0       	ldi	r17, 0x00	; 0
     e0a:	13 30       	cpi	r17, 0x03	; 3
     e0c:	08 f3       	brcs	.-62     	; 0xdd0 <main+0xec>
                    }
                }
            }

            // --- Sonar: timeout para estado WAIT_UP ---
            if(sonar_wait_ms > 0) sonar_wait_ms--;
     e0e:	80 91 e1 01 	lds	r24, 0x01E1	; 0x8001e1 <sonar_wait_ms>
     e12:	90 91 e2 01 	lds	r25, 0x01E2	; 0x8001e2 <sonar_wait_ms+0x1>
     e16:	00 97       	sbiw	r24, 0x00	; 0
     e18:	29 f0       	breq	.+10     	; 0xe24 <main+0x140>
     e1a:	01 97       	sbiw	r24, 0x01	; 1
     e1c:	90 93 e2 01 	sts	0x01E2, r25	; 0x8001e2 <sonar_wait_ms+0x1>
     e20:	80 93 e1 01 	sts	0x01E1, r24	; 0x8001e1 <sonar_wait_ms>

            // --- Heartbeat: decremento identico al On1ms() del otro proyecto ---
            if(!time100ms) time100ms = 100;
     e24:	80 91 06 01 	lds	r24, 0x0106	; 0x800106 <time100ms>
     e28:	81 11       	cpse	r24, r1
     e2a:	03 c0       	rjmp	.+6      	; 0xe32 <main+0x14e>
     e2c:	84 e6       	ldi	r24, 0x64	; 100
     e2e:	80 93 06 01 	sts	0x0106, r24	; 0x800106 <time100ms>
            time100ms--;
     e32:	80 91 06 01 	lds	r24, 0x0106	; 0x800106 <time100ms>
     e36:	81 50       	subi	r24, 0x01	; 1
     e38:	80 93 06 01 	sts	0x0106, r24	; 0x800106 <time100ms>

            // --- Envio periodico de contadores a la GUI (cada 500ms) ---
            if(poll_timer > 0) poll_timer--;
     e3c:	80 91 f3 01 	lds	r24, 0x01F3	; 0x8001f3 <poll_timer>
     e40:	90 91 f4 01 	lds	r25, 0x01F4	; 0x8001f4 <poll_timer+0x1>
     e44:	00 97       	sbiw	r24, 0x00	; 0
     e46:	29 f0       	breq	.+10     	; 0xe52 <main+0x16e>
     e48:	01 97       	sbiw	r24, 0x01	; 1
     e4a:	90 93 f4 01 	sts	0x01F4, r25	; 0x8001f4 <poll_timer+0x1>
     e4e:	80 93 f3 01 	sts	0x01F3, r24	; 0x8001f3 <poll_timer>
            if(poll_timer == 0){
     e52:	80 91 f3 01 	lds	r24, 0x01F3	; 0x8001f3 <poll_timer>
     e56:	90 91 f4 01 	lds	r25, 0x01F4	; 0x8001f4 <poll_timer+0x1>
     e5a:	89 2b       	or	r24, r25
     e5c:	41 f4       	brne	.+16     	; 0xe6e <main+0x18a>
                poll_timer = POLL_GUI_MS;
     e5e:	84 ef       	ldi	r24, 0xF4	; 244
     e60:	91 e0       	ldi	r25, 0x01	; 1
     e62:	90 93 f4 01 	sts	0x01F4, r25	; 0x8001f4 <poll_timer+0x1>
     e66:	80 93 f3 01 	sts	0x01F3, r24	; 0x8001f3 <poll_timer>
                SendCounts();
     e6a:	0e 94 18 05 	call	0xa30	; 0xa30 <SendCounts>
        }

        // =================================================================
        // MEF SONAR: avanza un paso sin bloquear
        // =================================================================
        SonarUpdate();
     e6e:	0e 94 78 04 	call	0x8f0	; 0x8f0 <SonarUpdate>

        // =================================================================
        // MEF 1: DETECCION (IR0 - sensor del clasificador)
        // Cuando una caja pasa por IR0 se inicia la medicion no-bloqueante.
        // =================================================================
        if(IR_FallingEdge(IR0)){
     e72:	80 e0       	ldi	r24, 0x00	; 0
     e74:	0e 94 5f 03 	call	0x6be	; 0x6be <IR_FallingEdge>
     e78:	88 23       	and	r24, r24
     e7a:	91 f0       	breq	.+36     	; 0xea0 <main+0x1bc>
            speed_t0 = ms_counter;
     e7c:	80 91 e9 01 	lds	r24, 0x01E9	; 0x8001e9 <ms_counter>
     e80:	90 91 ea 01 	lds	r25, 0x01EA	; 0x8001ea <ms_counter+0x1>
     e84:	a0 91 eb 01 	lds	r26, 0x01EB	; 0x8001eb <ms_counter+0x2>
     e88:	b0 91 ec 01 	lds	r27, 0x01EC	; 0x8001ec <ms_counter+0x3>
     e8c:	80 93 e5 01 	sts	0x01E5, r24	; 0x8001e5 <speed_t0>
     e90:	90 93 e6 01 	sts	0x01E6, r25	; 0x8001e6 <speed_t0+0x1>
     e94:	a0 93 e7 01 	sts	0x01E7, r26	; 0x8001e7 <speed_t0+0x2>
     e98:	b0 93 e8 01 	sts	0x01E8, r27	; 0x8001e8 <speed_t0+0x3>
            SonarStart();
     e9c:	0e 94 5b 04 	call	0x8b6	; 0x8b6 <SonarStart>
        }

        // Cuando la MEF termino, el driver consume el resultado (no bloquea)
        // y clasifica la caja.
        if(sonar_ready){
     ea0:	80 91 dc 01 	lds	r24, 0x01DC	; 0x8001dc <sonar_ready>
     ea4:	88 23       	and	r24, r24
     ea6:	09 f4       	brne	.+2      	; 0xeaa <main+0x1c6>
     ea8:	41 c0       	rjmp	.+130    	; 0xf2c <main+0x248>
            uint16_t d_cm;
            _sHCSR04_status_t st = HCSR04_MeasureCm(&sensor, &d_cm);
     eaa:	be 01       	movw	r22, r28
     eac:	6f 5f       	subi	r22, 0xFF	; 255
     eae:	7f 4f       	sbci	r23, 0xFF	; 255
     eb0:	87 e0       	ldi	r24, 0x07	; 7
     eb2:	92 e0       	ldi	r25, 0x02	; 2
     eb4:	0e 94 7f 02 	call	0x4fe	; 0x4fe <HCSR04_MeasureCm>

            if(st == HCSR04_OK){
     eb8:	81 11       	cpse	r24, r1
     eba:	38 c0       	rjmp	.+112    	; 0xf2c <main+0x248>
                uint8_t h_payload = (uint8_t)d_cm;
     ebc:	89 81       	ldd	r24, Y+1	; 0x01
     ebe:	89 87       	std	Y+9, r24	; 0x09
                COM_SendFrame(CMD_DIST_MEAS, &h_payload, 1);
     ec0:	41 e0       	ldi	r20, 0x01	; 1
     ec2:	be 01       	movw	r22, r28
     ec4:	67 5f       	subi	r22, 0xF7	; 247
     ec6:	7f 4f       	sbci	r23, 0xFF	; 255
     ec8:	81 ea       	ldi	r24, 0xA1	; 161
     eca:	0e 94 1a 01 	call	0x234	; 0x234 <COM_SendFrame>

                _eBoxType tipo = CLASSIFIER_Classify((uint8_t)d_cm);
     ece:	89 81       	ldd	r24, Y+1	; 0x01
     ed0:	0e 94 7a 00 	call	0xf4	; 0xf4 <CLASSIFIER_Classify>

                if(tipo == BOX_NONE){
     ed4:	83 30       	cpi	r24, 0x03	; 3
     ed6:	71 f4       	brne	.+28     	; 0xef4 <main+0x210>
                    box_count[BOX_NONE]++;
     ed8:	e5 ef       	ldi	r30, 0xF5	; 245
     eda:	f1 e0       	ldi	r31, 0x01	; 1
     edc:	86 81       	ldd	r24, Z+6	; 0x06
     ede:	97 81       	ldd	r25, Z+7	; 0x07
     ee0:	01 96       	adiw	r24, 0x01	; 1
     ee2:	97 83       	std	Z+7, r25	; 0x07
     ee4:	86 83       	std	Z+6, r24	; 0x06
                    COM_SendFrame(CMD_BOX_DISCARDED, 0, 0);
     ee6:	40 e0       	ldi	r20, 0x00	; 0
     ee8:	60 e0       	ldi	r22, 0x00	; 0
     eea:	70 e0       	ldi	r23, 0x00	; 0
     eec:	87 ea       	ldi	r24, 0xA7	; 167
     eee:	0e 94 1a 01 	call	0x234	; 0x234 <COM_SendFrame>
     ef2:	1c c0       	rjmp	.+56     	; 0xf2c <main+0x248>
                } else {
                    if(conv_mode == MODE_NORMAL){
     ef4:	90 91 06 02 	lds	r25, 0x0206	; 0x800206 <conv_mode>
     ef8:	91 11       	cpse	r25, r1
     efa:	03 c0       	rjmp	.+6      	; 0xf02 <main+0x21e>
                        IRTARGET_RegisterBox(tipo);
     efc:	0e 94 b0 03 	call	0x760	; 0x760 <IRTARGET_RegisterBox>
     f00:	15 c0       	rjmp	.+42     	; 0xf2c <main+0x248>
                    } else {
                        uint8_t pusher = (tipo == BOX_SMALL)  ? 0 :
     f02:	88 23       	and	r24, r24
     f04:	19 f0       	breq	.+6      	; 0xf0c <main+0x228>
     f06:	81 30       	cpi	r24, 0x01	; 1
     f08:	19 f4       	brne	.+6      	; 0xf10 <main+0x22c>
     f0a:	03 c0       	rjmp	.+6      	; 0xf12 <main+0x22e>
     f0c:	80 e0       	ldi	r24, 0x00	; 0
     f0e:	01 c0       	rjmp	.+2      	; 0xf12 <main+0x22e>
     f10:	82 e0       	ldi	r24, 0x02	; 2
                                         (tipo == BOX_MEDIUM) ? 1 : 2;
                        est_timer[pusher] = est_delay[pusher];
     f12:	90 e0       	ldi	r25, 0x00	; 0
     f14:	88 0f       	add	r24, r24
     f16:	99 1f       	adc	r25, r25
     f18:	fc 01       	movw	r30, r24
     f1a:	e0 50       	subi	r30, 0x00	; 0
     f1c:	ff 4f       	sbci	r31, 0xFF	; 255
     f1e:	20 81       	ld	r18, Z
     f20:	31 81       	ldd	r19, Z+1	; 0x01
     f22:	fc 01       	movw	r30, r24
     f24:	e3 51       	subi	r30, 0x13	; 19
     f26:	fe 4f       	sbci	r31, 0xFE	; 254
     f28:	31 83       	std	Z+1, r19	; 0x01
     f2a:	20 83       	st	Z, r18
                    }
                }
            }
        }

        if(sonar_err){
     f2c:	80 91 db 01 	lds	r24, 0x01DB	; 0x8001db <sonar_err>
     f30:	88 23       	and	r24, r24
     f32:	51 f0       	breq	.+20     	; 0xf48 <main+0x264>
            sonar_err   = 0;
     f34:	10 92 db 01 	sts	0x01DB, r1	; 0x8001db <sonar_err>
            sonar_state = SONAR_IDLE;
     f38:	10 92 e4 01 	sts	0x01E4, r1	; 0x8001e4 <sonar_state>
            COM_SendFrame(CMD_ERR_SENSOR, 0, 0);
     f3c:	40 e0       	ldi	r20, 0x00	; 0
     f3e:	60 e0       	ldi	r22, 0x00	; 0
     f40:	70 e0       	ldi	r23, 0x00	; 0
     f42:	80 ea       	ldi	r24, 0xA0	; 160
     f44:	0e 94 1a 01 	call	0x234	; 0x234 <COM_SendFrame>
        // =================================================================
        // MEF 2: EYECCION (IR1, IR2, IR3 - sensores de pateadores)
        // Solo activa en modo normal.
        // IRTARGET_Tick devuelve 1 si corresponde disparar, 0 si ignorar.
        // =================================================================
        if(conv_mode == MODE_NORMAL){
     f48:	80 91 06 02 	lds	r24, 0x0206	; 0x800206 <conv_mode>
     f4c:	81 11       	cpse	r24, r1
     f4e:	6e c0       	rjmp	.+220    	; 0x102c <main+0x348>
            if(IR_FallingEdge(IR1)){
     f50:	81 e0       	ldi	r24, 0x01	; 1
     f52:	0e 94 5f 03 	call	0x6be	; 0x6be <IR_FallingEdge>
     f56:	88 23       	and	r24, r24
     f58:	09 f4       	brne	.+2      	; 0xf5c <main+0x278>
     f5a:	4e c0       	rjmp	.+156    	; 0xff8 <main+0x314>
                // Medir tiempo IR0->IR1 y extrapolar delays para IR2 e IR3
                uint16_t t01 = (uint16_t)(ms_counter - speed_t0);
     f5c:	e0 90 e9 01 	lds	r14, 0x01E9	; 0x8001e9 <ms_counter>
     f60:	f0 90 ea 01 	lds	r15, 0x01EA	; 0x8001ea <ms_counter+0x1>
     f64:	80 91 e5 01 	lds	r24, 0x01E5	; 0x8001e5 <speed_t0>
     f68:	90 91 e6 01 	lds	r25, 0x01E6	; 0x8001e6 <speed_t0+0x1>
     f6c:	e8 1a       	sub	r14, r24
     f6e:	f9 0a       	sbc	r15, r25
                est_delay[0] = t01;
     f70:	00 e0       	ldi	r16, 0x00	; 0
     f72:	11 e0       	ldi	r17, 0x01	; 1
     f74:	f8 01       	movw	r30, r16
     f76:	f1 82       	std	Z+1, r15	; 0x01
     f78:	e0 82       	st	Z, r14
                est_delay[1] = (uint16_t)((uint32_t)t01 * DIST_IR0_IR2 / DIST_IR0_IR1);
     f7a:	47 01       	movw	r8, r14
     f7c:	a1 2c       	mov	r10, r1
     f7e:	b1 2c       	mov	r11, r1
     f80:	a7 e5       	ldi	r26, 0x57	; 87
     f82:	b0 e0       	ldi	r27, 0x00	; 0
     f84:	a5 01       	movw	r20, r10
     f86:	94 01       	movw	r18, r8
     f88:	0e 94 2b 09 	call	0x1256	; 0x1256 <__muluhisi3>
     f8c:	0f 2e       	mov	r0, r31
     f8e:	fc e2       	ldi	r31, 0x2C	; 44
     f90:	4f 2e       	mov	r4, r31
     f92:	51 2c       	mov	r5, r1
     f94:	61 2c       	mov	r6, r1
     f96:	71 2c       	mov	r7, r1
     f98:	f0 2d       	mov	r31, r0
     f9a:	a3 01       	movw	r20, r6
     f9c:	92 01       	movw	r18, r4
     f9e:	0e 94 03 09 	call	0x1206	; 0x1206 <__udivmodsi4>
     fa2:	f8 01       	movw	r30, r16
     fa4:	33 83       	std	Z+3, r19	; 0x03
     fa6:	22 83       	std	Z+2, r18	; 0x02
                est_delay[2] = (uint16_t)((uint32_t)t01 * DIST_IR0_IR3 / DIST_IR0_IR1);
     fa8:	a5 e8       	ldi	r26, 0x85	; 133
     faa:	b0 e0       	ldi	r27, 0x00	; 0
     fac:	a5 01       	movw	r20, r10
     fae:	94 01       	movw	r18, r8
     fb0:	0e 94 2b 09 	call	0x1256	; 0x1256 <__muluhisi3>
     fb4:	a3 01       	movw	r20, r6
     fb6:	92 01       	movw	r18, r4
     fb8:	0e 94 03 09 	call	0x1206	; 0x1206 <__udivmodsi4>
     fbc:	f8 01       	movw	r30, r16
     fbe:	35 83       	std	Z+5, r19	; 0x05
     fc0:	24 83       	std	Z+4, r18	; 0x04

                // Calcular y enviar velocidad en mm/s: v = 440mm / t01_ms * 1000
                if(t01 > 0){
     fc2:	ef 28       	or	r14, r15
     fc4:	89 f0       	breq	.+34     	; 0xfe8 <main+0x304>
                    uint16_t speed_mm_s = (uint16_t)(440000UL / t01);
     fc6:	60 ec       	ldi	r22, 0xC0	; 192
     fc8:	76 eb       	ldi	r23, 0xB6	; 182
     fca:	86 e0       	ldi	r24, 0x06	; 6
     fcc:	90 e0       	ldi	r25, 0x00	; 0
     fce:	a5 01       	movw	r20, r10
     fd0:	94 01       	movw	r18, r8
     fd2:	0e 94 03 09 	call	0x1206	; 0x1206 <__udivmodsi4>
                    uint8_t sp[2];
                    sp[0] = (uint8_t)(speed_mm_s >> 8);
     fd6:	39 83       	std	Y+1, r19	; 0x01
                    sp[1] = (uint8_t)(speed_mm_s & 0xFF);
     fd8:	2a 83       	std	Y+2, r18	; 0x02
                    COM_SendFrame(CMD_BELT_SPEED, sp, 2);
     fda:	42 e0       	ldi	r20, 0x02	; 2
     fdc:	be 01       	movw	r22, r28
     fde:	6f 5f       	subi	r22, 0xFF	; 255
     fe0:	7f 4f       	sbci	r23, 0xFF	; 255
     fe2:	88 ea       	ldi	r24, 0xA8	; 168
     fe4:	0e 94 1a 01 	call	0x234	; 0x234 <COM_SendFrame>
                }

                if(IRTARGET_Tick(PUSHER_1)) FirePusher(0);
     fe8:	80 e0       	ldi	r24, 0x00	; 0
     fea:	0e 94 f2 03 	call	0x7e4	; 0x7e4 <IRTARGET_Tick>
     fee:	88 23       	and	r24, r24
     ff0:	19 f0       	breq	.+6      	; 0xff8 <main+0x314>
     ff2:	80 e0       	ldi	r24, 0x00	; 0
     ff4:	0e 94 fe 04 	call	0x9fc	; 0x9fc <FirePusher>
            }
            if(IR_FallingEdge(IR2)) if(IRTARGET_Tick(PUSHER_2)) FirePusher(1);
     ff8:	82 e0       	ldi	r24, 0x02	; 2
     ffa:	0e 94 5f 03 	call	0x6be	; 0x6be <IR_FallingEdge>
     ffe:	88 23       	and	r24, r24
    1000:	41 f0       	breq	.+16     	; 0x1012 <main+0x32e>
    1002:	81 e0       	ldi	r24, 0x01	; 1
    1004:	0e 94 f2 03 	call	0x7e4	; 0x7e4 <IRTARGET_Tick>
    1008:	88 23       	and	r24, r24
    100a:	19 f0       	breq	.+6      	; 0x1012 <main+0x32e>
    100c:	81 e0       	ldi	r24, 0x01	; 1
    100e:	0e 94 fe 04 	call	0x9fc	; 0x9fc <FirePusher>
            if(IR_FallingEdge(IR3)) if(IRTARGET_Tick(PUSHER_3)) FirePusher(2);
    1012:	83 e0       	ldi	r24, 0x03	; 3
    1014:	0e 94 5f 03 	call	0x6be	; 0x6be <IR_FallingEdge>
    1018:	88 23       	and	r24, r24
    101a:	41 f0       	breq	.+16     	; 0x102c <main+0x348>
    101c:	82 e0       	ldi	r24, 0x02	; 2
    101e:	0e 94 f2 03 	call	0x7e4	; 0x7e4 <IRTARGET_Tick>
    1022:	88 23       	and	r24, r24
    1024:	19 f0       	breq	.+6      	; 0x102c <main+0x348>
    1026:	82 e0       	ldi	r24, 0x02	; 2
    1028:	0e 94 fe 04 	call	0x9fc	; 0x9fc <FirePusher>
        // =================================================================
        // PARSER UART - PROTOCOLO UNER
        // COM_Update procesa los bytes del buffer RX y reconstruye tramas.
        // Cuando llega una trama valida, COM_FrameAvailable() devuelve 1.
        // =================================================================
        COM_Update();
    102c:	0e 94 4d 01 	call	0x29a	; 0x29a <COM_Update>
        if(COM_FrameAvailable()){
    1030:	0e 94 e1 01 	call	0x3c2	; 0x3c2 <COM_FrameAvailable>
    1034:	88 23       	and	r24, r24
    1036:	09 f4       	brne	.+2      	; 0x103a <main+0x356>
    1038:	81 ce       	rjmp	.-766    	; 0xd3c <main+0x58>
            uint8_t cmd, payload[COM_PAYLOAD_SIZE], len;
            COM_GetFrame(&cmd, payload, &len);
    103a:	ae 01       	movw	r20, r28
    103c:	47 5f       	subi	r20, 0xF7	; 247
    103e:	5f 4f       	sbci	r21, 0xFF	; 255
    1040:	be 01       	movw	r22, r28
    1042:	6f 5f       	subi	r22, 0xFF	; 255
    1044:	7f 4f       	sbci	r23, 0xFF	; 255
    1046:	ce 01       	movw	r24, r28
    1048:	0a 96       	adiw	r24, 0x0a	; 10
    104a:	0e 94 e4 01 	call	0x3c8	; 0x3c8 <COM_GetFrame>
            ProcessCmd(cmd, payload);
    104e:	be 01       	movw	r22, r28
    1050:	6f 5f       	subi	r22, 0xFF	; 255
    1052:	7f 4f       	sbci	r23, 0xFF	; 255
    1054:	8a 85       	ldd	r24, Y+10	; 0x0a
    1056:	0e 94 44 05 	call	0xa88	; 0xa88 <ProcessCmd>
    105a:	70 ce       	rjmp	.-800    	; 0xd3c <main+0x58>

0000105c <__vector_11>:

static _sServoConfig config [3];
static _eServoPos pos [3];
static uint8_t contPick, ancho;

ISR(TIMER1_COMPA_vect){
    105c:	1f 92       	push	r1
    105e:	0f 92       	push	r0
    1060:	0f b6       	in	r0, 0x3f	; 63
    1062:	0f 92       	push	r0
    1064:	11 24       	eor	r1, r1
    1066:	2f 93       	push	r18
    1068:	3f 93       	push	r19
    106a:	8f 93       	push	r24
    106c:	9f 93       	push	r25
    106e:	ef 93       	push	r30
    1070:	ff 93       	push	r31
	contPick++;
    1072:	80 91 29 02 	lds	r24, 0x0229	; 0x800229 <contPick>
    1076:	8f 5f       	subi	r24, 0xFF	; 255
    1078:	80 93 29 02 	sts	0x0229, r24	; 0x800229 <contPick>

	if(contPick == 21){
    107c:	85 31       	cpi	r24, 0x15	; 21
    107e:	19 f4       	brne	.+6      	; 0x1086 <__vector_11+0x2a>
		contPick = 1;
    1080:	81 e0       	ldi	r24, 0x01	; 1
    1082:	80 93 29 02 	sts	0x0229, r24	; 0x800229 <contPick>

static _sServoConfig config [3];
static _eServoPos pos [3];
static uint8_t contPick, ancho;

ISR(TIMER1_COMPA_vect){
    1086:	20 e0       	ldi	r18, 0x00	; 0
    1088:	47 c0       	rjmp	.+142    	; 0x1118 <__vector_11+0xbc>
		contPick = 1;
	}
	
	for(uint8_t i = 0; i < 3; i++){

		if(pos[i] == SERVO_HOME){
    108a:	82 2f       	mov	r24, r18
    108c:	90 e0       	ldi	r25, 0x00	; 0
    108e:	fc 01       	movw	r30, r24
    1090:	e6 5d       	subi	r30, 0xD6	; 214
    1092:	fd 4f       	sbci	r31, 0xFD	; 253
    1094:	30 81       	ld	r19, Z
    1096:	31 11       	cpse	r19, r1
    1098:	09 c0       	rjmp	.+18     	; 0x10ac <__vector_11+0x50>
			ancho = config[i].home_ms;
    109a:	88 0f       	add	r24, r24
    109c:	99 1f       	adc	r25, r25
    109e:	fc 01       	movw	r30, r24
    10a0:	e3 5d       	subi	r30, 0xD3	; 211
    10a2:	fd 4f       	sbci	r31, 0xFD	; 253
    10a4:	80 81       	ld	r24, Z
    10a6:	80 93 28 02 	sts	0x0228, r24	; 0x800228 <ancho>
    10aa:	08 c0       	rjmp	.+16     	; 0x10bc <__vector_11+0x60>
		}else{
			ancho = config[i].push_ms;
    10ac:	88 0f       	add	r24, r24
    10ae:	99 1f       	adc	r25, r25
    10b0:	fc 01       	movw	r30, r24
    10b2:	e3 5d       	subi	r30, 0xD3	; 211
    10b4:	fd 4f       	sbci	r31, 0xFD	; 253
    10b6:	81 81       	ldd	r24, Z+1	; 0x01
    10b8:	80 93 28 02 	sts	0x0228, r24	; 0x800228 <ancho>
		}

		if(i == 0){
    10bc:	21 11       	cpse	r18, r1
    10be:	0e c0       	rjmp	.+28     	; 0x10dc <__vector_11+0x80>
			if(contPick <= ancho) PORTD |=  (1 << PIND7);
    10c0:	90 91 29 02 	lds	r25, 0x0229	; 0x800229 <contPick>
    10c4:	80 91 28 02 	lds	r24, 0x0228	; 0x800228 <ancho>
    10c8:	89 17       	cp	r24, r25
    10ca:	20 f0       	brcs	.+8      	; 0x10d4 <__vector_11+0x78>
    10cc:	8b b1       	in	r24, 0x0b	; 11
    10ce:	80 68       	ori	r24, 0x80	; 128
    10d0:	8b b9       	out	0x0b, r24	; 11
    10d2:	21 c0       	rjmp	.+66     	; 0x1116 <__vector_11+0xba>
			else                  PORTD &= ~(1 << PIND7);
    10d4:	8b b1       	in	r24, 0x0b	; 11
    10d6:	8f 77       	andi	r24, 0x7F	; 127
    10d8:	8b b9       	out	0x0b, r24	; 11
    10da:	1d c0       	rjmp	.+58     	; 0x1116 <__vector_11+0xba>
		}else if(i == 1){
    10dc:	21 30       	cpi	r18, 0x01	; 1
    10de:	71 f4       	brne	.+28     	; 0x10fc <__vector_11+0xa0>
			if(contPick <= ancho) PORTB |=  (1 << PINB3);
    10e0:	90 91 29 02 	lds	r25, 0x0229	; 0x800229 <contPick>
    10e4:	80 91 28 02 	lds	r24, 0x0228	; 0x800228 <ancho>
    10e8:	89 17       	cp	r24, r25
    10ea:	20 f0       	brcs	.+8      	; 0x10f4 <__vector_11+0x98>
    10ec:	85 b1       	in	r24, 0x05	; 5
    10ee:	88 60       	ori	r24, 0x08	; 8
    10f0:	85 b9       	out	0x05, r24	; 5
    10f2:	11 c0       	rjmp	.+34     	; 0x1116 <__vector_11+0xba>
			else                  PORTB &= ~(1 << PINB3);
    10f4:	85 b1       	in	r24, 0x05	; 5
    10f6:	87 7f       	andi	r24, 0xF7	; 247
    10f8:	85 b9       	out	0x05, r24	; 5
    10fa:	0d c0       	rjmp	.+26     	; 0x1116 <__vector_11+0xba>
		}else{
			if(contPick <= ancho) PORTB |=  (1 << PINB4);
    10fc:	90 91 29 02 	lds	r25, 0x0229	; 0x800229 <contPick>
    1100:	80 91 28 02 	lds	r24, 0x0228	; 0x800228 <ancho>
    1104:	89 17       	cp	r24, r25
    1106:	20 f0       	brcs	.+8      	; 0x1110 <__vector_11+0xb4>
    1108:	85 b1       	in	r24, 0x05	; 5
    110a:	80 61       	ori	r24, 0x10	; 16
    110c:	85 b9       	out	0x05, r24	; 5
    110e:	03 c0       	rjmp	.+6      	; 0x1116 <__vector_11+0xba>
			else                  PORTB &= ~(1 << PINB4);
    1110:	85 b1       	in	r24, 0x05	; 5
    1112:	8f 7e       	andi	r24, 0xEF	; 239
    1114:	85 b9       	out	0x05, r24	; 5

	if(contPick == 21){
		contPick = 1;
	}
	
	for(uint8_t i = 0; i < 3; i++){
    1116:	2f 5f       	subi	r18, 0xFF	; 255
    1118:	23 30       	cpi	r18, 0x03	; 3
    111a:	08 f4       	brcc	.+2      	; 0x111e <__vector_11+0xc2>
    111c:	b6 cf       	rjmp	.-148    	; 0x108a <__vector_11+0x2e>
			else                  PORTB &= ~(1 << PINB4);
		}
	}
	
	
}
    111e:	ff 91       	pop	r31
    1120:	ef 91       	pop	r30
    1122:	9f 91       	pop	r25
    1124:	8f 91       	pop	r24
    1126:	3f 91       	pop	r19
    1128:	2f 91       	pop	r18
    112a:	0f 90       	pop	r0
    112c:	0f be       	out	0x3f, r0	; 63
    112e:	0f 90       	pop	r0
    1130:	1f 90       	pop	r1
    1132:	18 95       	reti

00001134 <SERVO_Init>:

void SERVO_Init(){
	
	DDRD |= (1 << PD7);
    1134:	8a b1       	in	r24, 0x0a	; 10
    1136:	80 68       	ori	r24, 0x80	; 128
    1138:	8a b9       	out	0x0a, r24	; 10
	DDRB |= (1 << PB3) | (1 << PB4);
    113a:	84 b1       	in	r24, 0x04	; 4
    113c:	88 61       	ori	r24, 0x18	; 24
    113e:	84 b9       	out	0x04, r24	; 4
	
	contPick = 1;
    1140:	81 e0       	ldi	r24, 0x01	; 1
    1142:	80 93 29 02 	sts	0x0229, r24	; 0x800229 <contPick>
	
	for(uint8_t i = 0; i < 3; i++){
    1146:	20 e0       	ldi	r18, 0x00	; 0
    1148:	10 c0       	rjmp	.+32     	; 0x116a <SERVO_Init+0x36>
		config[i].home_ms = 1;
    114a:	82 2f       	mov	r24, r18
    114c:	90 e0       	ldi	r25, 0x00	; 0
    114e:	fc 01       	movw	r30, r24
    1150:	ee 0f       	add	r30, r30
    1152:	ff 1f       	adc	r31, r31
    1154:	e3 5d       	subi	r30, 0xD3	; 211
    1156:	fd 4f       	sbci	r31, 0xFD	; 253
    1158:	31 e0       	ldi	r19, 0x01	; 1
    115a:	30 83       	st	Z, r19
		config[i].push_ms = 2;
    115c:	32 e0       	ldi	r19, 0x02	; 2
    115e:	31 83       	std	Z+1, r19	; 0x01
		
		pos[i] = SERVO_HOME;
    1160:	fc 01       	movw	r30, r24
    1162:	e6 5d       	subi	r30, 0xD6	; 214
    1164:	fd 4f       	sbci	r31, 0xFD	; 253
    1166:	10 82       	st	Z, r1
	DDRD |= (1 << PD7);
	DDRB |= (1 << PB3) | (1 << PB4);
	
	contPick = 1;
	
	for(uint8_t i = 0; i < 3; i++){
    1168:	2f 5f       	subi	r18, 0xFF	; 255
    116a:	23 30       	cpi	r18, 0x03	; 3
    116c:	70 f3       	brcs	.-36     	; 0x114a <SERVO_Init+0x16>
		config[i].home_ms = 1;
		config[i].push_ms = 2;
		
		pos[i] = SERVO_HOME;
	}
}
    116e:	08 95       	ret

00001170 <SERVO_Set>:

void SERVO_Set(_eServoID servo, _eServoPos posicion){
	pos[servo] = posicion;
    1170:	e8 2f       	mov	r30, r24
    1172:	f0 e0       	ldi	r31, 0x00	; 0
    1174:	e6 5d       	subi	r30, 0xD6	; 214
    1176:	fd 4f       	sbci	r31, 0xFD	; 253
    1178:	60 83       	st	Z, r22
    117a:	08 95       	ret

0000117c <SERVO_SetConfig>:
}

void SERVO_SetConfig(_eServoID servo, uint8_t home_ms, uint8_t push_ms){
	config[servo].home_ms = home_ms;
    117c:	e8 2f       	mov	r30, r24
    117e:	f0 e0       	ldi	r31, 0x00	; 0
    1180:	ee 0f       	add	r30, r30
    1182:	ff 1f       	adc	r31, r31
    1184:	e3 5d       	subi	r30, 0xD3	; 211
    1186:	fd 4f       	sbci	r31, 0xFD	; 253
    1188:	60 83       	st	Z, r22
	config[servo].push_ms = push_ms; 
    118a:	41 83       	std	Z+1, r20	; 0x01
    118c:	08 95       	ret

0000118e <ini_TIMER0>:
 */ 

#include "TIMERS.h"

void ini_TIMER0 (){
	TCNT0 = 0;
    118e:	16 bc       	out	0x26, r1	; 38
	                          
	TCCR0A = 0;
    1190:	14 bc       	out	0x24, r1	; 36
	TCCR0B = 0;
    1192:	15 bc       	out	0x25, r1	; 37
	
	TCCR0A |= (1 << WGM01);
    1194:	84 b5       	in	r24, 0x24	; 36
    1196:	82 60       	ori	r24, 0x02	; 2
    1198:	84 bd       	out	0x24, r24	; 36
	
	TCCR0B |= (1 << CS01) | (1 << CS00);
    119a:	85 b5       	in	r24, 0x25	; 37
    119c:	83 60       	ori	r24, 0x03	; 3
    119e:	85 bd       	out	0x25, r24	; 37
	
	OCR0A = 249;
    11a0:	89 ef       	ldi	r24, 0xF9	; 249
    11a2:	87 bd       	out	0x27, r24	; 39
	
	TIMSK0 |= (1 << OCIE0A);
    11a4:	ee e6       	ldi	r30, 0x6E	; 110
    11a6:	f0 e0       	ldi	r31, 0x00	; 0
    11a8:	80 81       	ld	r24, Z
    11aa:	82 60       	ori	r24, 0x02	; 2
    11ac:	80 83       	st	Z, r24
    11ae:	08 95       	ret

000011b0 <ini_TIMER1>:
}

void ini_TIMER1 (){
	TCNT1H = 0;
    11b0:	10 92 85 00 	sts	0x0085, r1	; 0x800085 <__TEXT_REGION_LENGTH__+0x7f8085>
	TCNT1L = 0;
    11b4:	10 92 84 00 	sts	0x0084, r1	; 0x800084 <__TEXT_REGION_LENGTH__+0x7f8084>
	
	TCCR1A = 0;
    11b8:	10 92 80 00 	sts	0x0080, r1	; 0x800080 <__TEXT_REGION_LENGTH__+0x7f8080>
	TCCR1B = 0;
    11bc:	e1 e8       	ldi	r30, 0x81	; 129
    11be:	f0 e0       	ldi	r31, 0x00	; 0
    11c0:	10 82       	st	Z, r1
	
	TCCR1B = (1 << WGM12);
    11c2:	88 e0       	ldi	r24, 0x08	; 8
    11c4:	80 83       	st	Z, r24
	
	TCCR1B |= (1 << CS11) | (1 << CS10);
    11c6:	80 81       	ld	r24, Z
    11c8:	83 60       	ori	r24, 0x03	; 3
    11ca:	80 83       	st	Z, r24
	
	OCR1AH = (uint8_t)(249 >> 8);
    11cc:	10 92 89 00 	sts	0x0089, r1	; 0x800089 <__TEXT_REGION_LENGTH__+0x7f8089>
	OCR1AL = (uint8_t)(249 & 0xFF);
    11d0:	89 ef       	ldi	r24, 0xF9	; 249
    11d2:	80 93 88 00 	sts	0x0088, r24	; 0x800088 <__TEXT_REGION_LENGTH__+0x7f8088>
	
	TIMSK1 |= (1 << OCIE1A);
    11d6:	ef e6       	ldi	r30, 0x6F	; 111
    11d8:	f0 e0       	ldi	r31, 0x00	; 0
    11da:	80 81       	ld	r24, Z
    11dc:	82 60       	ori	r24, 0x02	; 2
    11de:	80 83       	st	Z, r24
    11e0:	08 95       	ret

000011e2 <ini_TIMER2>:
}

void ini_TIMER2 (){
	TCNT2 = 0;
    11e2:	10 92 b2 00 	sts	0x00B2, r1	; 0x8000b2 <__TEXT_REGION_LENGTH__+0x7f80b2>
	
	TCCR2A = 0;
    11e6:	a0 eb       	ldi	r26, 0xB0	; 176
    11e8:	b0 e0       	ldi	r27, 0x00	; 0
    11ea:	1c 92       	st	X, r1
	TCCR2B = 0;
    11ec:	e1 eb       	ldi	r30, 0xB1	; 177
    11ee:	f0 e0       	ldi	r31, 0x00	; 0
    11f0:	10 82       	st	Z, r1
	
	TCCR2A |= (1 << WGM21);
    11f2:	8c 91       	ld	r24, X
    11f4:	82 60       	ori	r24, 0x02	; 2
    11f6:	8c 93       	st	X, r24
	
	TCCR2B |= (1 << CS21);
    11f8:	80 81       	ld	r24, Z
    11fa:	82 60       	ori	r24, 0x02	; 2
    11fc:	80 83       	st	Z, r24
	
	OCR2A = 1;
    11fe:	81 e0       	ldi	r24, 0x01	; 1
    1200:	80 93 b3 00 	sts	0x00B3, r24	; 0x8000b3 <__TEXT_REGION_LENGTH__+0x7f80b3>
    1204:	08 95       	ret

00001206 <__udivmodsi4>:
    1206:	a1 e2       	ldi	r26, 0x21	; 33
    1208:	1a 2e       	mov	r1, r26
    120a:	aa 1b       	sub	r26, r26
    120c:	bb 1b       	sub	r27, r27
    120e:	fd 01       	movw	r30, r26
    1210:	0d c0       	rjmp	.+26     	; 0x122c <__udivmodsi4_ep>

00001212 <__udivmodsi4_loop>:
    1212:	aa 1f       	adc	r26, r26
    1214:	bb 1f       	adc	r27, r27
    1216:	ee 1f       	adc	r30, r30
    1218:	ff 1f       	adc	r31, r31
    121a:	a2 17       	cp	r26, r18
    121c:	b3 07       	cpc	r27, r19
    121e:	e4 07       	cpc	r30, r20
    1220:	f5 07       	cpc	r31, r21
    1222:	20 f0       	brcs	.+8      	; 0x122c <__udivmodsi4_ep>
    1224:	a2 1b       	sub	r26, r18
    1226:	b3 0b       	sbc	r27, r19
    1228:	e4 0b       	sbc	r30, r20
    122a:	f5 0b       	sbc	r31, r21

0000122c <__udivmodsi4_ep>:
    122c:	66 1f       	adc	r22, r22
    122e:	77 1f       	adc	r23, r23
    1230:	88 1f       	adc	r24, r24
    1232:	99 1f       	adc	r25, r25
    1234:	1a 94       	dec	r1
    1236:	69 f7       	brne	.-38     	; 0x1212 <__udivmodsi4_loop>
    1238:	60 95       	com	r22
    123a:	70 95       	com	r23
    123c:	80 95       	com	r24
    123e:	90 95       	com	r25
    1240:	9b 01       	movw	r18, r22
    1242:	ac 01       	movw	r20, r24
    1244:	bd 01       	movw	r22, r26
    1246:	cf 01       	movw	r24, r30
    1248:	08 95       	ret

0000124a <__tablejump2__>:
    124a:	ee 0f       	add	r30, r30
    124c:	ff 1f       	adc	r31, r31
    124e:	05 90       	lpm	r0, Z+
    1250:	f4 91       	lpm	r31, Z
    1252:	e0 2d       	mov	r30, r0
    1254:	09 94       	ijmp

00001256 <__muluhisi3>:
    1256:	0e 94 36 09 	call	0x126c	; 0x126c <__umulhisi3>
    125a:	a5 9f       	mul	r26, r21
    125c:	90 0d       	add	r25, r0
    125e:	b4 9f       	mul	r27, r20
    1260:	90 0d       	add	r25, r0
    1262:	a4 9f       	mul	r26, r20
    1264:	80 0d       	add	r24, r0
    1266:	91 1d       	adc	r25, r1
    1268:	11 24       	eor	r1, r1
    126a:	08 95       	ret

0000126c <__umulhisi3>:
    126c:	a2 9f       	mul	r26, r18
    126e:	b0 01       	movw	r22, r0
    1270:	b3 9f       	mul	r27, r19
    1272:	c0 01       	movw	r24, r0
    1274:	a3 9f       	mul	r26, r19
    1276:	70 0d       	add	r23, r0
    1278:	81 1d       	adc	r24, r1
    127a:	11 24       	eor	r1, r1
    127c:	91 1d       	adc	r25, r1
    127e:	b2 9f       	mul	r27, r18
    1280:	70 0d       	add	r23, r0
    1282:	81 1d       	adc	r24, r1
    1284:	11 24       	eor	r1, r1
    1286:	91 1d       	adc	r25, r1
    1288:	08 95       	ret

0000128a <_exit>:
    128a:	f8 94       	cli

0000128c <__stop_program>:
    128c:	ff cf       	rjmp	.-2      	; 0x128c <__stop_program>
